protein,importance
VIM,0.010118112
PNLIPRP2,0.008263975
NBN,0.008117614
SRC,0.007874464
CHIT1,0.0077741044
TBL1X,0.007031071
RAD51,0.006492727
VPS28,0.006403719
VAV3,0.006311687
TIMM8A,0.0062291212
LMNB1,0.0059345104
GSTA1,0.0056133047
SULT1A1,0.0053852443
SIRPA,0.0051452974
PDE5A,0.0050084814
PNLIP,0.00465043
GFER,0.0044556535
CD2AP,0.0043849163
SH2B3,0.0043564555
CASP4,0.0043417974
F7,0.004165869
LIPF,0.004109845
TIMM10,0.0040580877
PTPN6,0.0040441877
NCK2,0.0040397956
LYN,0.0040216437
ATF2,0.0039062854
ANXA2,0.0038382772
HHEX,0.0038338043
TRDMT1,0.0037346643
TNNI3,0.003574336
CHMP6,0.0034614913
APOE,0.0033629804
FXN,0.003344732
ECI2,0.0033280593
GSTP1,0.003241526
SMAD2,0.0032252593
PARK7,0.0032097094
MYH9,0.0032087036
KIF22,0.0032002032
PNLIPRP1,0.0030986578
TPMT,0.0030016697
SERPINE1,0.0029950703
NUDT15,0.002982682
VPS37A,0.0029646894
CAMLG,0.00291365
PXN,0.0028998107
SMC3,0.0028952577
FLI1,0.0028583154
DMD,0.0028380423
HMOX1,0.0027855637
SLC27A4,0.0027846713
SKAP2,0.002743203
AGXT,0.002741627
SMAD3,0.0027412067
SHC1,0.0027201956
VWF,0.0026789077
STAT5B,0.0026291546
NPHS2,0.002587843
CAT,0.002574609
POLR2F,0.0025715008
PRKAR1A,0.0025617117
DOK2,0.0025469502
NAMPT,0.0025354126
CDC27,0.002531493
TOMM20,0.0025239969
GFAP,0.0024632204
MYL6B,0.002462083
GP1BB,0.0024300013
ATP6V1F,0.0023972914
DOCK9,0.0023641754
EHD3,0.002362865
SOD2,0.0023451876
ACY1,0.0023404157
RAB11FIP3,0.0023387447
CEBPB,0.002328951
GUCA2A,0.0023227504
MYBPC2,0.0023086471
DLG4,0.00227778
GP6,0.002276961
DBNL,0.0021878986
GGT1,0.002160018
NID2,0.0021570649
FOXO3,0.0021555596
PSME2,0.0021530369
CHCHD10,0.0021338265
FGF21,0.0021259568
WASL,0.0021054705
SFTPD,0.002094583
PSMD5,0.0020868047
TWF2,0.0020827
APP,0.0020754766
SIRT1,0.0020569689
PLAT,0.0020358914
TSC22D1,0.0020222326
ATP6V1G2,0.00200604
IGFBP1,0.0019937279
HMGCL,0.0019726856
ITGA6,0.001967535
ACOX1,0.0019643737
NME1,0.0019602142
EP300,0.0019459444
CLEC1B,0.0019192143
PRKAB1,0.0019047412
GP1BA,0.0018622819
PGA4,0.0018381024
CDKN1A,0.0018091076
MNAT1,0.0018065652
SSBP1,0.0017982218
GUCY2C,0.0017980516
PSMD1,0.0017971165
GCG,0.00177872
PLIN3,0.0017764629
NOS2,0.0017731525
GPIHBP1,0.0017626829
BAG6,0.0017515881
CDC26,0.0017380705
RANBP2,0.0017201022
LEFTY2,0.001709998
PSMD9,0.0016854974
BHLHE40,0.0016467399
CA13,0.0016448882
RNF5,0.0016439374
SLC4A1,0.001633655
CSNK2A1,0.0016281095
SERPINE2,0.0016199215
PDLIM5,0.0016016673
NFE2,0.0015960732
UBE2L6,0.0015863781
PRKAR2A,0.0015828807
STK4,0.0015786452
KLK3,0.001572692
CTSH,0.0015681827
ITGB5,0.0015635593
GET3,0.0015572285
DDX1,0.0015512131
LAMP2,0.0015494048
MYL3,0.0015456881
SFTPA2,0.0015294517
CASP3,0.001528296
SERPINB6,0.0015212377
EPO,0.0015097492
SIRPB1,0.001490225
SFTPA1,0.0014743827
FKBP1B,0.0014743466
DCTN1,0.0014732382
SULT2A1,0.0014669131
OGT,0.0014592614
PKD2,0.0014547326
GUK1,0.0014530999
TERF1,0.00141188
AMOTL2,0.0014069804
TPR,0.0013912991
TPM3,0.0013747035
ARID4B,0.00136159
SCP2,0.0013607797
ITGB1,0.0013417769
SORBS1,0.001341319
HSPA2,0.0013396636
MED18,0.0013364732
HNF1A,0.0013255328
CA9,0.0013092445
SNCA,0.0013064481
TMOD4,0.0013061283
NID1,0.0012947621
RPA2,0.0012945536
CALCA,0.0012942536
GRAP2,0.0012843087
FGF2,0.0012718063
CA3,0.0012694292
CEACAM6,0.0012647947
RUVBL1,0.0012612664
GRPEL1,0.0012495453
PSME1,0.0012485826
TP53,0.0012372202
PSMC3,0.0012285564
PKLR,0.0012243831
DNAJB1,0.001215977
DNM1,0.0012111168
HSPB1,0.0012010173
FEN1,0.001190459
SERPINB8,0.0011863582
LZTFL1,0.0011833465
GZMB,0.0011802634
TADA3,0.0011745787
PPP2R5A,0.0011722525
NFKB1,0.0011704521
IL6,0.0011681505
GRIN2B,0.0011624459
BPIFB2,0.001160863
GH1,0.0011540093
TTN,0.0011459995
BACH1,0.0011455419
CDH1,0.0011427879
MAP2K6,0.0011413889
LATS1,0.0011272959
SLC16A1,0.0011133313
PSMA1,0.0011035086
TRIM25,0.001103406
ACTN4,0.0010971943
EPHA1,0.001090446
INPP5D,0.0010786816
CD163,0.0010776845
HGS,0.0010738433
CSF2RA,0.001061634
SDCCAG8,0.0010443134
AKT2,0.0010434076
STIP1,0.0010363667
CABP2,0.0010360535
APOL1,0.0010296665
SYT1,0.001024604
LEP,0.0010150258
ATP6V1G1,0.0010127121
APOD,0.0010082034
CD3G,0.0010066858
CEACAM8,0.000999617
ACTN2,0.0009994769
PSCA,0.0009925149
STXBP1,0.0009922748
YES1,0.0009887448
ARL13B,0.0009879299
CYB5A,0.0009794467
CSNK1D,0.0009788554
ALDH2,0.000975124
SAP18,0.0009703603
ELOA,0.000963792
KLK1,0.00096091785
FN1,0.0009600492
TPRKB,0.00095955655
IMMT,0.0009590018
TYMP,0.00095021055
CHCHD6,0.00093658397
COL2A1,0.00093596906
CA14,0.0009350332
GGA1,0.0009304369
RP2,0.00092927896
AKT3,0.0009283963
MLLT1,0.0009254279
CEBPA,0.00092478684
KIRREL2,0.0009219053
HSPA1A,0.0009179665
FH,0.0009155399
MMP3,0.00091341935
CDH4,0.00091313676
BAX,0.0009047597
ATP6V1D,0.00090253184
NPHS1,0.0009020961
NEB,0.00090015883
ITGA2,0.0008991141
PCNA,0.0008988216
INPPL1,0.00089841976
COL9A1,0.0008904761
STX4,0.0008879847
CGA,0.0008863178
FOXO1,0.00088142464
FKBP5,0.0008797369
FADD,0.0008779767
LY96,0.0008754149
JCHAIN,0.00087235
RNASE1,0.0008700693
PRKG1,0.00086945924
AHCY,0.0008630986
SLC1A4,0.0008620941
SHH,0.0008586659
BLVRB,0.0008569611
AXIN1,0.00084845675
ASPSCR1,0.0008446255
CCNE1,0.0008419357
PECR,0.0008390908
PRL,0.0008335402
NMT1,0.0008311849
CSF2RB,0.0008274115
FURIN,0.00082559156
PDP1,0.000824843
STX5,0.0008189784
LAMB1,0.00081750785
EREG,0.0008155789
CASQ2,0.000815521
DYNC1H1,0.00081437465
CSF3R,0.00081335945
ITGA5,0.0008124613
TSPAN15,0.0008091907
NDUFB7,0.00080547086
BGN,0.00080431043
DCTN2,0.000803325
MMP10,0.0008030774
EIF4EBP1,0.0007932286
HSP90B1,0.0007887481
DARS1,0.00078823615
ICAM5,0.0007881151
GUSB,0.0007851936
NUP50,0.00078381004
LAT,0.000783708
KIF20B,0.00078343385
POLR2A,0.0007725098
ATP5PO,0.00077192154
MSR1,0.0007666736
PTPN1,0.0007651241
APOA1,0.0007650301
TLR4,0.00076465437
IL18,0.0007639461
KRT19,0.0007630177
GH2,0.0007570043
COL6A3,0.00075525965
RCOR1,0.000753918
ANGPTL4,0.0007538501
FABP1,0.00074656634
CETN2,0.00074649946
SLC39A14,0.0007464836
EXOSC10,0.000739743
LCN15,0.0007391962
PAPPA,0.000739123
ADGRF5,0.00073839584
CEP43,0.00073659833
JAM3,0.00072178844
DAB2,0.00071580306
AKR7L,0.00070637435
NOP56,0.00070534553
SMAD1,0.0007047814
PLG,0.00070255896
FABP4,0.0007019028
LPL,0.0006984884
GATA3,0.000696511
CES1,0.0006941741
OCLN,0.000690448
F11R,0.0006825834
TUBB3,0.00067934074
CPB1,0.00067928154
PRKAG3,0.0006767966
ITGAL,0.0006747805
MFGE8,0.00067351275
UNC79,0.000670461
EIF4E,0.00066823873
EPB41L5,0.0006673473
ITGAV,0.0006664732
DCTD,0.00066633726
MYL4,0.00066555693
SSNA1,0.0006570487
HEPH,0.00065615884
SPRR3,0.0006547168
ATP5F1D,0.0006417872
ABCA2,0.00064088905
ZP3,0.0006405131
THRAP3,0.0006372948
APOA4,0.0006351946
SPP1,0.00063481997
EZR,0.00063061604
NLGN2,0.0006245456
GGT5,0.0006222113
ITGB7,0.0006158207
SNAP23,0.0006157482
CEP290,0.00061573874
SLA2,0.0006154843
SCN3B,0.0006126625
SLC12A2,0.00061095343
MORF4L1,0.0006077367
APRT,0.0006043421
B2M,0.00060230505
COL24A1,0.0005992212
PGR,0.0005977871
TMEM132A,0.0005976627
PLA2G4A,0.0005952268
HRAS,0.0005930316
ITGB6,0.0005916488
KIR3DL1,0.00058781286
SCARA5,0.0005867742
TGFB2,0.0005808209
PLCB2,0.0005794904
ANXA1,0.00057611876
TGFBI,0.0005729248
CASP9,0.0005723111
DKK1,0.00057146605
ALDH5A1,0.00056993397
CTSB,0.00056877016
ATP1B3,0.0005669026
CASP1,0.00056588714
SPARC,0.00056549965
LRP1,0.0005616814
EIF4B,0.00056029897
ZNF830,0.000558717
PF4,0.0005574723
KAZN,0.0005571563
AKT1S1,0.0005560035
GHRL,0.00055180606
SNU13,0.00054861885
NEDD4L,0.00054469245
TGFB1,0.0005418732
EGF,0.0005393046
ODAM,0.0005380896
DNAJA1,0.000536762
BRD1,0.0005361739
GP5,0.0005328962
YARS1,0.0005321836
SERPINH1,0.0005313123
NRXN3,0.0005291931
VCAM1,0.00052916247
BSND,0.0005249567
TRAF2,0.0005247025
APCS,0.0005241797
CCT5,0.00052416464
PECAM1,0.0005239066
APEX1,0.0005221227
DNAJA4,0.0005218269
BCAN,0.00052138383
COLEC12,0.0005211231
COL4A1,0.0005206431
CDH2,0.0005192426
SDC1,0.0005190341
KLF4,0.0005185317
CDKN2D,0.0005181958
WDR46,0.00051328936
IL1B,0.0005110691
BMP4,0.0005102247
TXNRD1,0.00050851837
PARP1,0.00050758664
VTA1,0.00050548936
EPS8L2,0.00050505524
GRIK2,0.00049699185
GPC5,0.0004963089
COL3A1,0.00049485563
NCAM1,0.00049437844
REN,0.0004936181
CASP8,0.0004933209
DBH,0.0004931209
CCND2,0.0004925038
CTNNA1,0.0004923063
CDH15,0.0004894271
NDUFS6,0.000488725
C3,0.0004886009
IKBKG,0.0004884771
RAB10,0.00048758052
IL6R,0.00048588173
SNAP25,0.0004818329
COX5B,0.00048124307
OPLAH,0.00047936843
FGA,0.00047760835
HAGH,0.0004772958
CST3,0.0004747666
ELOB,0.00047433833
SH3GL3,0.0004730994
CDON,0.00047293762
NOS3,0.00047289883
IL1A,0.00047225234
NCF2,0.0004711151
LAMA1,0.0004707203
ENOPH1,0.00046963463
COL9A2,0.0004690752
HMOX2,0.00046892618
GNAS,0.0004658342
PDLIM7,0.00046537083
EIF2S2,0.00046492883
TALDO1,0.00046367582
TNF,0.00045604524
DNAJA2,0.0004553378
BNIP2,0.00045433795
GSTT2B,0.00045361673
RAB33A,0.00045319332
MAPKAPK2,0.00045146164
DNAJB6,0.00045021824
NUMB,0.00044803342
COMP,0.00044785047
KIF1C,0.00044774052
DOK1,0.00044700518
CA6,0.00044681717
YWHAQ,0.00044612633
DUT,0.0004451262
STAM,0.00044443886
DNAJC6,0.00044334144
UBXN1,0.00044305113
PGM2,0.00044185173
GMPR2,0.00043982134
CES3,0.0004392423
FGF23,0.0004358955
GPC1,0.0004356232
COL1A1,0.00043213417
IRAK4,0.00042824514
AK2,0.00042737013
REST,0.00042510615
DIABLO,0.00042489546
ACY3,0.0004238775
FGR,0.00042110003
ICAM4,0.0004208146
HRG,0.00042026272
SLC39A5,0.00042007587
LDLRAP1,0.00041968471
MORF4L2,0.0004185564
YY1,0.00041844096
JMJD1C,0.0004179731
LAMA4,0.00041793942
VAMP8,0.00041640835
PLAUR,0.0004152108
RRM2B,0.00041443942
TP53BP1,0.00041384654
HBEGF,0.00041383159
YAP1,0.00041293714
STXBP3,0.0004114809
RAB27B,0.00041086154
AFP,0.0004106844
VWA1,0.00041027347
VPS4B,0.00041013517
MMP9,0.0004076215
CELA2A,0.00040734303
ALDH1A1,0.00040718657
RAB37,0.00040517192
GNGT1,0.00040130666
MUC2,0.00040128402
LBR,0.00040113027
CEP164,0.0003982523
USO1,0.00039730413
CASC3,0.00039692197
PM20D1,0.00039625925
CACNB1,0.0003957629
FOLR3,0.00039251536
PTEN,0.00039086654
CDK1,0.00039018097
GLO1,0.00038990146
SPRR1B,0.00038962645
ANGPT2,0.0003871874
APOB,0.00038703103
CDA,0.00038680295
EIF4G1,0.00038654802
DAG1,0.00038497112
RAB39B,0.0003842744
METAP2,0.00038356445
TTR,0.00038353656
MAP2K1,0.0003825679
LEO1,0.00038165567
QSOX1,0.0003805307
GYS1,0.00038036893
ATP6AP2,0.00037980705
VTI1A,0.0003774698
BCHE,0.00037708718
RNF168,0.0003769614
SH2D1A,0.00037653476
NECTIN2,0.00037591052
MME,0.0003758162
TXN,0.0003746014
MAX,0.0003733254
GADD45GIP1,0.00037230132
ITGAX,0.00037051263
STK11,0.00037040602
ELN,0.00037019592
BRAP,0.0003696055
SF3B4,0.0003692884
PLIN1,0.0003678292
CHRDL1,0.0003678108
F2R,0.00036674226
ZBTB16,0.00036598076
LELP1,0.00036591152
LAIR2,0.0003652779
ALPI,0.00036522865
MINK1,0.0003640781
MRI1,0.0003631892
NUB1,0.00036277118
AP2B1,0.00036201
CLASP1,0.00036185945
LRP2,0.00036036345
PLB1,0.000359778
FGF12,0.00035950184
PLCB1,0.00035783078
SDC4,0.00035752697
GHR,0.0003574865
CALB1,0.00035703616
ACE2,0.00035618152
GIP,0.00035453332
CLTA,0.00035447362
MSLN,0.0003543921
MAVS,0.0003538787
CEP152,0.00035341506
HNRNPK,0.00035324044
MNDA,0.00035184264
DUOX2,0.00035121248
ATP1B1,0.00035100686
HIF1A,0.00034969804
CLIC5,0.00034952903
PRCP,0.00034948983
COL18A1,0.00034754956
SLC34A3,0.0003469578
DAPP1,0.00034686172
RNF43,0.00034686123
RBM17,0.00034626373
CD36,0.00034430306
MARS1,0.00034393204
CKAP4,0.0003420244
PCBP2,0.00034119366
RPL14,0.00034112166
IGLC2,0.00033985544
ENPEP,0.00033966638
HSBP1,0.00033943597
LAMTOR5,0.00033865642
MAP3K5,0.00033848477
TPSAB1,0.00033776436
RRM2,0.00033720743
PLAU,0.0003371889
BECN1,0.00033683615
CORO1A,0.00033597098
MRPL58,0.00033563783
LPA,0.00033438098
RILP,0.0003321182
TRPV3,0.00033051742
LGALS1,0.0003302577
AGRN,0.00033001637
TSHB,0.00032972262
NOS1,0.00032956604
PMVK,0.0003279981
IGFBP4,0.00032769138
SPARCL1,0.0003264836
AOC3,0.00032606898
CDC37,0.00032585702
OLFM4,0.00032552826
ADH4,0.00032465425
AMBP,0.00032460433
PCSK9,0.00032450995
TNFRSF10A,0.0003238335
SV2A,0.00032367324
RAB6B,0.00032309932
SIGLEC5,0.0003222983
SGSH,0.0003212424
APOA2,0.0003183845
GLRX,0.00031677278
PRTN3,0.0003159011
PPIE,0.00031548846
GPI,0.00031460178
MFAP4,0.00031427905
KIR2DL2,0.0003125391
TANK,0.0003115359
FLT3LG,0.0003114211
RAB6A,0.00030938053
AP1G2,0.00030932314
DNM3,0.0003091787
HARS1,0.0003082777
MTIF3,0.0003080764
BTC,0.00030795633
CHGB,0.00030731023
BOC,0.0003067535
KRT18,0.00030624674
DAPK2,0.00030601848
AKR1C4,0.00030468227
P4HB,0.00030269683
IGFBP2,0.00030252308
OFD1,0.00030239066
PROC,0.00030210256
CD177,0.00030186624
L1CAM,0.00030162107
ITPR1,0.00029913173
PRSS2,0.00029872308
RPE,0.00029862905
MAP1LC3A,0.00029802197
MED21,0.00029747843
CTSV,0.00029640767
FDX2,0.0002958862
NFATC1,0.00029568866
TNR,0.0002954749
ENO1,0.00029506534
MMP7,0.00029447745
FBLN2,0.00029066185
SNX9,0.00029009566
JUN,0.00029006595
LPO,0.00028979825
F10,0.0002883576
TAB2,0.00028715687
NUDT5,0.0002859175
TRIM5,0.00028583276
TIMP1,0.0002853545
FABP5,0.00028533002
ADH1B,0.00028494638
ARL2BP,0.000284644
MDK,0.00028384462
ALDH3A1,0.00028117586
BCL2L11,0.00028044285
SEL1L,0.0002800295
CBLIF,0.00027957026
SCN2A,0.0002792165
CDH5,0.00027876266
CD14,0.00027848658
LDLR,0.00027815223
PKD1,0.0002779747
ERBIN,0.00027400602
GRP,0.0002735501
FLT3,0.00027288287
RAP1A,0.0002722457
ICAM1,0.0002715649
MMP15,0.00027038355
TFRC,0.00026929984
PDAP1,0.00026915563
STX6,0.000268787
COX6B1,0.0002679447
ITGB2,0.00026773522
TK1,0.00026538243
GLB1,0.00026514407
FKBP4,0.0002650934
ATP2B4,0.00026460137
MASP1,0.00026437305
APOC1,0.00026406802
MYO9B,0.00026367878
TXNDC5,0.0002634035
VPS53,0.00026299656
CTSC,0.0002624211
TREM2,0.00026237723
PENK,0.00026220136
CTSF,0.00025860715
TACC3,0.00025820368
FARSA,0.00025750493
MYDGF,0.00025494632
ARHGEF1,0.00025469888
CDH17,0.00025319128
PLXNA4,0.00025310504
MEP1B,0.00025308545
TSC1,0.00025246802
WASF3,0.00025207823
PRDX1,0.00024912108
KRT8,0.00024911563
BAG4,0.00024892864
ACOT13,0.0002487443
PRKCQ,0.00024827442
SUOX,0.00024765692
FOS,0.00024718355
INPP5J,0.00024694213
SOX2,0.00024687665
ITGAM,0.00024684428
PPP1CC,0.00024671992
RHOC,0.00024575792
SCN2B,0.00024551016
DPEP1,0.0002451214
ITPA,0.00024498347
PRDX3,0.00024459022
FBN2,0.00024345983
PAGR1,0.00024339935
EBAG9,0.00024265301
LTBP2,0.00024184838
PPP1R12A,0.00024101212
CASP2,0.00024075822
GCC1,0.00024071301
TRIM21,0.0002405144
MANF,0.00024001827
DPP4,0.00023921758
KDR,0.00023905757
NUDC,0.00023886141
SMNDC1,0.00023811519
TREML1,0.00023772943
DCTN6,0.00023717582
SHISA5,0.00023687964
HSPG2,0.00023637725
FSTL3,0.00023619573
ARSB,0.00023480569
SCLY,0.00023426228
F2,0.00023376888
DSG3,0.00023372013
HDGF,0.00023303543
SERPIND1,0.00023243677
EGLN1,0.00023199919
DKK4,0.00023166566
PFDN2,0.00023138177
CSF1,0.00023134415
SAG,0.00023092287
AP3B1,0.00022988282
LILRA3,0.00022960335
GCLM,0.000229598
SCG3,0.00022900169
TLR1,0.0002288189
GOPC,0.00022867405
OXT,0.00022659852
TNFSF10,0.00022558533
WAS,0.00022515995
ICAM2,0.000224685
LSM8,0.00022439614
MEPE,0.00022436894
PFDN4,0.00022426325
DLK1,0.00022370285
ENPP7,0.00022277517
ERBB4,0.00022258464
F11,0.0002206754
TDP1,0.00021956932
MTR,0.00021922983
UFD1,0.0002187141
SDHB,0.00021861044
IRAG2,0.00021832864
COL5A1,0.0002183049
KLK8,0.00021765202
XIAP,0.00021760869
RBKS,0.00021687166
ERI1,0.00021641294
CD226,0.0002161022
SHPK,0.00021559965
NFKB2,0.00021516855
TIMP3,0.00021417496
SNAP29,0.00021286767
KRT5,0.00021283279
GOT1,0.00021233631
VEGFA,0.00021179933
AOC1,0.00021147614
KIR2DL3,0.00021116665
BIRC2,0.00021049338
GTPBP2,0.00020982596
RFC4,0.00020974813
CDSN,0.00020917898
FKBP14,0.00020876541
DLL4,0.00020875488
BSG,0.00020805732
FCER2,0.00020781354
PRDX6,0.00020744085
ABO,0.0002068871
CTSD,0.00020688363
SCN4B,0.00020687362
SNRPB2,0.00020622998
MELTF,0.0002059109
MAGED1,0.00020570266
ARHGEF12,0.00020560145
RAB2B,0.00020496965
SART1,0.00020386167
BCL2,0.00020381881
PGD,0.00020362412
KRT6C,0.0002035845
CD22,0.00020279583
ICAM3,0.00020152851
ENO2,0.00020150378
LAG3,0.00020111933
POMC,0.0002009675
GLP1R,0.0002008314
CD33,0.0002004647
RNASE3,0.0001999747
BID,0.00019922185
CENPF,0.00019885834
MXRA8,0.00019878377
CLIP2,0.00019822012
MAP4K5,0.00019779851
GAD1,0.00019767063
MITD1,0.00019759717
SNX2,0.00019759397
IMPACT,0.0001970334
TNFSF11,0.00019655447
CTSZ,0.00019643361
IQGAP2,0.00019614153
MAPK9,0.00019600763
CD160,0.00019600129
SUGP1,0.00019599612
MPO,0.00019588992
ARHGEF5,0.0001955903
KHK,0.00019553317
FAM20A,0.00019513459
CD74,0.00019432572
NPM1,0.00019398525
SUMF2,0.00019312633
BABAM1,0.0001927468
SARG,0.00019257751
MESD,0.00019256792
ERP29,0.00019215952
TLR3,0.00019192591
PRDX5,0.00019148854
APOM,0.00019142791
ITGB1BP2,0.00019141201
APPL2,0.00019140595
XRCC4,0.00019140072
ST13,0.00019090666
NECTIN1,0.00019088342
CNST,0.00019084121
PLTP,0.00019063425
KDM3A,0.00019051386
PRDX2,0.00019049522
PVR,0.00018950873
PRTFDC1,0.00018948798
AMBN,0.00018937999
BANK1,0.00018870947
CASP10,0.0001887031
CBX2,0.00018866404
PPBP,0.00018806939
NEO1,0.00018710738
TREML2,0.00018684645
NT5C3A,0.00018665713
PHACTR2,0.00018653682
LTA,0.00018647475
CEACAM5,0.00018627981
CD300E,0.00018584105
GSN,0.00018551835
TBCB,0.00018517132
ENO3,0.0001850914
METAP1,0.00018388826
IST1,0.00018383547
NECAP2,0.00018382838
CRKL,0.00018326713
SEC31A,0.00018304256
STX16,0.00018294864
PSG1,0.00018273399
CSH1,0.0001814987
HRC,0.00018142576
RABEP1,0.00018136788
SLAMF7,0.00018132608
MGLL,0.0001805888
MMUT,0.00018044875
PSTPIP2,0.0001802934
PIK3AP1,0.00017976429
HDAC9,0.00017971867
CTSO,0.00017939779
TPD52L2,0.0001791567
RILPL2,0.00017911421
RPS10,0.00017884193
EVI5,0.00017883131
TNXB,0.0001782836
CHEK2,0.00017790447
OLR1,0.0001778295
VGF,0.00017751119
NARS1,0.00017736797
CLEC4D,0.00017731776
ATP5IF1,0.00017721657
ANG,0.0001770587
SIGLEC6,0.00017705411
ERBB2,0.00017698448
NUDT16,0.00017645964
CACYBP,0.00017572755
NADK,0.0001746717
IRAK1,0.00017456462
ATOX1,0.0001744775
PROS1,0.00017444216
LAIR1,0.00017432688
DCN,0.0001741498
PTGES2,0.00017381163
GPKOW,0.00017376218
AMN,0.00017349457
TIA1,0.00017346191
PAG1,0.00017342836
TGFA,0.00017299688
TNIP1,0.0001728986
HPSE,0.00017277549
TBC1D17,0.0001727519
MINDY1,0.00017275187
VCAN,0.00017122139
KLRF1,0.0001710692
MTSS1,0.00017077029
AKR1B10,0.00017027366
CTSL,0.00017008989
GABARAP,0.00016983144
M6PR,0.00016973377
VEGFC,0.0001696563
PPIB,0.00016949618
DDX39A,0.00016939396
CTRB1,0.00016928001
NT5C,0.00016910865
MBL2,0.00016824702
CHI3L1,0.00016809779
CHMP1A,0.00016790189
DBN1,0.0001678112
MYO6,0.00016740251
NDUFA5,0.00016716069
DDC,0.00016715277
GMPR,0.00016711451
AHSG,0.00016705497
FUCA1,0.00016705466
CALCOCO1,0.00016678417
PFKFB2,0.00016619395
KIFBP,0.0001659859
GIT1,0.00016521873
PDGFA,0.00016505385
ACAA1,0.00016498964
PLA2G7,0.00016451081
ATG16L1,0.00016421653
ZFYVE19,0.00016417204
PPP1R9B,0.00016404732
EFEMP1,0.00016402607
PTPRS,0.00016383165
TMED8,0.00016382082
GIPC3,0.00016354695
CRACR2A,0.00016328547
PER3,0.00016258046
CIRBP,0.0001625167
YOD1,0.00016241637
CD274,0.00016205879
CSF1R,0.00016176133
CD69,0.00016174681
IFNG,0.00016089392
RBM25,0.00016066874
OTUD7B,0.00016058015
KLRD1,0.00016055067
RWDD1,0.00016053286
TGFBR2,0.00016040346
ARHGAP1,0.0001603169
MAD1L1,0.00016022041
BCL2L1,0.00015987773
USP8,0.00015962533
SIRT2,0.00015960394
CWC15,0.0001594523
CBS,0.00015922722
ARHGEF10,0.00015901627
CACNB3,0.0001588293
CD34,0.00015863682
GAPDH,0.00015861557
GAD2,0.00015845064
HTRA2,0.00015794406
COMMD1,0.00015785816
IGFBP3,0.00015781425
NFKBIE,0.0001576326
ESYT2,0.00015741235
PEBP1,0.00015735789
TF,0.00015688743
ARNT,0.00015672178
ARF6,0.00015661579
IPCEF1,0.00015642517
ALPP,0.00015624824
STC2,0.00015607245
RBP1,0.00015594286
PAFAH1B3,0.00015566351
DKKL1,0.00015557522
WASF1,0.00015544737
DCTPP1,0.00015529268
AKR1B1,0.00015492114
CDHR2,0.00015480639
CYTH3,0.00015477445
NAA80,0.00015440748
TNFRSF6B,0.000154349
LHB,0.00015412804
RAD23B,0.00015404249
KLRK1,0.00015380234
SERPINB1,0.0001537084
EGFR,0.00015366924
FNTA,0.00015362469
TEK,0.00015306543
DECR1,0.00015298162
TBC1D23,0.00015218966
SERPINA5,0.00015188269
YTHDF3,0.00015174314
CD4,0.00015088521
NMNAT1,0.0001506858
PPP3R1,0.00015052524
RRP15,0.00015050799
CMC1,0.0001504778
CCL17,0.00015027013
ALMS1,0.00015021588
PILRA,0.00014981424
STAT2,0.00014978861
GAS2,0.00014978564
ARFIP1,0.00014975992
CCS,0.00014970932
ASAH1,0.00014950735
PDGFB,0.0001494083
TARBP2,0.00014933785
CXCL8,0.0001492315
PPY,0.00014918062
CHM,0.00014903859
FSTL1,0.00014901537
HIP1R,0.00014898478
CRYZL1,0.0001487787
BIN2,0.00014867824
SUMF1,0.0001485727
MVK,0.00014856296
NFYA,0.0001485124
MDH1,0.00014844936
AMPD3,0.00014838106
LGMN,0.00014831733
CTF1,0.00014777762
GP2,0.00014773142
NMRK2,0.00014768576
LILRB4,0.0001474483
CMIP,0.00014729392
DAAM1,0.00014726713
FASLG,0.00014718763
AZU1,0.00014709338
MAPK13,0.00014674911
DTX2,0.00014664473
ST3GAL1,0.00014651979
CCL19,0.00014644854
KIR3DL2,0.00014626647
CAMSAP1,0.00014621037
GDF2,0.00014556554
FGL1,0.00014536918
PTN,0.00014522033
SCG2,0.0001448534
MYOM3,0.00014483179
RAB3GAP1,0.0001446771
PPL,0.00014465016
DBI,0.00014457067
AIFM1,0.00014453715
VASH1,0.000144298
MCFD2,0.00014422782
TCL1A,0.00014416398
DNPH1,0.00014414922
MATN3,0.00014399843
MLN,0.00014393646
AREG,0.00014367545
PCYT2,0.00014358155
GPA33,0.00014352714
VASP,0.00014338392
RELB,0.00014336203
PIKFYVE,0.00014312465
RNF41,0.00014301563
HPCAL1,0.00014274509
TEX101,0.00014233858
LONP1,0.00014232779
CD40,0.00014221987
HBZ,0.00014173989
ANXA11,0.00014169946
SMARCA2,0.0001415919
TCTN3,0.00014132482
OTUD6B,0.00014113146
FABP3,0.0001410798
CCL13,0.00014098303
NFU1,0.00014088959
INPP1,0.00014052821
DNAJC9,0.00014051679
HCLS1,0.00014051578
NCR1,0.0001404253
PAK4,0.00014035619
TRIM26,0.0001403056
CXCL1,0.00014027132
NRGN,0.00014026166
HS1BP3,0.00013995587
ATG4A,0.00013985454
FAS,0.00013983404
WFIKKN1,0.00013982004
BGLAP,0.00013907398
ARHGAP25,0.00013905641
ERCC1,0.0001390527
CXCL6,0.00013863223
CRADD,0.00013854988
TNFAIP8L2,0.00013820338
FTCD,0.00013812534
RABEPK,0.00013811374
FKBPL,0.00013799321
SCIN,0.0001379302
TFF1,0.00013780441
KYAT1,0.00013770914
CFHR4,0.00013759313
TGOLN2,0.00013708897
TXLNA,0.00013708761
ATXN10,0.00013672556
CNPY4,0.00013663662
FABP2,0.00013643014
TJAP1,0.00013630524
GRHPR,0.00013626959
STAMBP,0.0001360223
CAPG,0.00013564755
DDHD2,0.00013547126
BMP10,0.00013539132
SCRIB,0.00013523392
ELAVL4,0.00013510608
CNP,0.0001349617
EEF1D,0.00013479283
FBP1,0.00013465327
FYB1,0.00013460177
TYRP1,0.00013451996
SLMAP,0.000134421
CD109,0.0001343954
MIF,0.00013438368
MCEMP1,0.00013435187
CXADR,0.00013426579
IL18RAP,0.00013410179
CDH3,0.0001336511
SLC51B,0.00013359262
EVPL,0.00013358862
NPPB,0.0001334258
SIGLEC9,0.00013339407
SOD1,0.00013321222
SLAMF6,0.00013307057
RBPMS2,0.00013286658
RTN4IP1,0.00013261994
IGSF9,0.00013247854
IL10RB,0.00013243545
EPGN,0.00013239782
SRP14,0.00013228356
ASRGL1,0.00013225249
MOCS2,0.00013221522
FIS1,0.0001320117
TARS1,0.00013200637
TOP1,0.00013199823
S100A12,0.00013176037
DSG2,0.00013165287
THBS2,0.0001315451
FHIT,0.00013146651
AGR2,0.00013140582
ANXA3,0.00013139115
CASP7,0.00013130947
CST1,0.00013130337
AIF1,0.0001311859
CETN3,0.00013111523
F9,0.00013101297
CDCP1,0.0001309629
EDAR,0.00013090401
KRT17,0.00013079378
SHMT1,0.00013077453
IFIT3,0.00013075033
TBCC,0.00013062774
DUSP3,0.0001305391
ADD1,0.00013052799
OGA,0.00013039236
KIAA1549,0.00013033206
EIF4G3,0.00013027326
NT5C1A,0.00013025117
ATXN2,0.00013021634
SERPING1,0.00013011238
F12,0.00012993377
PRND,0.00012985361
SCRN1,0.0001295719
AHSP,0.00012942571
GNPDA2,0.00012926504
DCLRE1C,0.0001291024
DDAH1,0.00012904675
SPRY2,0.000129013
NSFL1C,0.00012900423
CIAPIN1,0.00012899713
CCL24,0.00012891527
NFATC3,0.00012888276
CRYM,0.00012885706
GLI2,0.00012842428
ADIPOQ,0.00012828522
TNFSF14,0.000128154
L3HYPDH,0.00012814987
TLR2,0.00012809581
XCL1,0.00012806618
GAS6,0.00012788494
NOTCH3,0.00012787218
CYB5R2,0.00012730499
MSRA,0.00012718339
FCN1,0.00012715322
HEXIM1,0.00012704627
THBD,0.00012698153
CFHR5,0.00012697458
FAM171A2,0.0001269542
PDIA5,0.00012691539
ZNRD2,0.00012675865
DEFB118,0.0001267557
REG3A,0.00012670152
DCXR,0.00012661281
GJA8,0.00012641658
PTRHD1,0.00012639153
GATD3,0.00012627359
ARG1,0.00012599035
RABGAP1L,0.00012585381
NT5E,0.00012569463
CLPP,0.00012565932
COPB2,0.00012563844
CCL4,0.00012558694
CD70,0.00012551105
ERBB3,0.00012548226
EIF2AK2,0.00012537751
PTGR1,0.00012537104
SPART,0.00012434462
RET,0.00012418757
FUT8,0.00012397503
GDNF,0.00012394266
CR2,0.00012393428
ERMAP,0.00012393174
EIF5,0.00012390682
TFF3,0.00012377213
PPCDC,0.00012373182
MPI,0.00012353016
ICA1,0.00012343058
DCUN1D1,0.00012335068
LETM1,0.00012330392
METAP1D,0.00012303727
SORT1,0.00012299739
SIGLEC8,0.00012296911
CRH,0.00012289274
CHAD,0.00012219664
ACSL1,0.0001221362
GIGYF2,0.00012211398
DNAJB2,0.00012211304
MTSS2,0.0001220896
FGFR4,0.00012199173
TMED10,0.00012190773
CCL2,0.00012188715
HMGCS1,0.00012177209
PPP1R2,0.000121492456
IL34,0.00012146897
LAMP3,0.00012146635
GPR37,0.00012141421
SESTD1,0.00012135528
KLRC1,0.0001213061
SCAMP3,0.00012118267
FZD8,0.000121180725
PHLDB2,0.00012114446
SUGT1,0.000121130994
PPM1F,0.00012111736
REG4,0.000121026555
CSPG5,0.0001210245
SIGLEC7,0.00012089214
ARHGAP45,0.00012067176
AGT,0.00012057364
TNFRSF10C,0.00012055198
BPIFB1,0.00012050441
BRK1,0.00012046457
CEP85,0.0001204201
LSP1,0.00012011415
CLC,0.00012011347
DFFA,0.0001199608
IGBP1,0.000119952296
MTDH,0.000119871074
SCT,0.00011973555
CD300LF,0.00011965501
FOLH1,0.00011961968
CREG1,0.00011958154
TMEM106A,0.00011941638
TCN2,0.00011935281
MRPL46,0.00011933144
WFDC12,0.00011913133
CARHSP1,0.00011908464
FUS,0.00011898054
CLINT1,0.00011887589
TAX1BP1,0.000118807395
GBP2,0.000118758304
CSDE1,0.00011875471
USP25,0.00011874459
ARSA,0.000118659955
GGACT,0.000118628835
REEP4,0.00011859812
CHP1,0.00011848359
AK1,0.000118376476
VNN2,0.00011821852
CXCL11,0.00011820833
RLN1,0.00011815933
TNFSF13B,0.00011810651
TTF2,0.00011800374
CSRP3,0.000117995296
LRCH4,0.00011791917
FST,0.00011791499
LILRA4,0.000117632066
AMFR,0.00011757519
NFX1,0.00011756025
CNTN1,0.00011734232
APBB1IP,0.000117243784
CFHR2,0.00011703738
IMPA1,0.00011701299
CRHR1,0.00011681362
SCGB1A1,0.00011680325
ANXA4,0.00011669372
BCL7A,0.00011668977
CNTN2,0.000116688876
IL5RA,0.000116575546
EPHA10,0.00011655736
UROD,0.00011654633
PLA2G1B,0.00011647816
PDCD1LG2,0.00011644986
SFRP1,0.00011642693
CLU,0.000116402414
IL7,0.00011639453
SOST,0.000116227544
CC2D1A,0.00011615446
IL17RB,0.000116140916
CCAR2,0.00011608751
INSL5,0.00011601582
TNFRSF10B,0.000116010226
THTPA,0.00011581303
CTSS,0.000115811745
BPIFA2,0.00011573804
ECHS1,0.00011572642
OBP2B,0.00011572199
CCL16,0.00011557689
C9,0.00011543421
CCN1,0.0001154304
EIF1AX,0.00011541084
EIF2AK3,0.00011520318
TNFRSF14,0.000115136645
CPA2,0.00011486354
CD300C,0.000114787406
GASK1A,0.00011472298
SCPEP1,0.000114692164
GBP1,0.00011453171
PBLD,0.0001142079
LXN,0.00011414882
LGALS4,0.00011414442
PARD3,0.000114134236
SNX15,0.00011412278
LRRC25,0.000114055816
GNE,0.00011395836
PLPBP,0.00011390537
CHAC2,0.0001138751
GOLGA3,0.00011371598
TBCA,0.000113649294
AAMDC,0.000113529684
TNFRSF12A,0.00011351931
MRPL24,0.00011347161
HSD17B14,0.00011334092
OXCT1,0.00011325483
TCN1,0.0001130712
MPHOSPH8,0.00011303451
ANGPT1,0.0001130047
DUSP29,0.00011289886
TAP1,0.00011282978
SMOC2,0.000112807735
IFT20,0.0001127967
CCL26,0.00011269107
C1QBP,0.000112604495
CST7,0.00011255955
CXCL5,0.00011253598
GLRX5,0.00011251496
ZNRF4,0.00011249142
PKN3,0.000112407724
PPME1,0.000112400405
TMSB10,0.000112392045
SEMA3G,0.00011231616
UROS,0.000112122485
HAVCR1,0.000111970105
DRG2,0.00011188301
CEP20,0.000111874244
NPC2,0.000111800735
ERC2,0.00011174728
DNAJB8,0.00011164133
PLEKHO1,0.000111492525
CRTAM,0.0001114166
STAU1,0.0001112456
MAPT,0.00011105605
CRELD2,0.00011103813
NDRG1,0.0001109368
STX8,0.00011089953
ABL1,0.000110752735
CCDC134,0.00011067764
PCBD1,0.00011066965
EDDM3B,0.00011064881
MZT1,0.0001104565
BCR,0.00011039653
DRAXIN,0.00011016538
GORASP2,0.00011015497
LHPP,0.00011014256
TRIAP1,0.000110104476
PSMG4,0.00011006267
EPCAM,0.00011000645
LGALS9,0.00010997748
TSNAX,0.00010988222
IL4,0.00010982967
PMM2,0.00010971699
SELL,0.0001097091
CFP,0.00010965794
IL11,0.00010964911
AARSD1,0.00010962902
FUOM,0.00010960872
RRAS,0.000109503126
NAA10,0.000109478846
FMNL1,0.00010947723
LGALS8,0.00010943701
TDRKH,0.00010941313
UXS1,0.00010921938
UPK3A,0.00010914988
CRYBB1,0.00010914332
CSTB,0.00010905905
SERPINC1,0.00010900666
IL5,0.00010897176
NAGK,0.000108533575
SLAMF1,0.000108506385
LRRFIP1,0.00010843866
CCL25,0.00010842284
LPP,0.00010822745
BLOC1S3,0.000108226006
VAMP5,0.00010815371
LYPD1,0.00010803258
KLHL41,0.000108004264
CCL7,0.00010799861
ADAM9,0.000107918044
S100A4,0.00010790296
ANKRA2,0.000107756765
TSPAN8,0.00010768936
CPM,0.00010760098
FES,0.00010749023
TNFRSF11A,0.00010748538
FCRL6,0.0001074791
EDA2R,0.000107460706
IFNGR2,0.00010736662
DGKZ,0.00010736378
GPD1,0.00010733427
AZI2,0.000107212676
SUSD5,0.00010710525
GAL,0.00010701506
CCL18,0.00010694619
IDI2,0.00010683441
KRT14,0.00010674191
CXCL10,0.000106735904
TSPAN7,0.00010656276
MICALL2,0.00010649534
SSC5D,0.0001064365
FCRL5,0.00010641129
THOP1,0.00010615575
PACS2,0.00010614473
SPINK4,0.000106127525
NPY,0.000106103784
SEPTIN3,0.00010606864
GRSF1,0.000106034546
SYAP1,0.0001060169
SCGN,0.00010599791
IL17RA,0.00010591781
IL17A,0.00010582146
FCRL3,0.000105609215
PTH,0.00010558761
LACTB2,0.000105565545
CLEC4M,0.000105498475
PSMG3,0.000105492836
THBS4,0.00010543944
IL22,0.00010537433
RAPGEF2,0.00010537253
COPE,0.000105371524
IL1RL1,0.000105355786
NUDT2,0.000105333995
ANKMY2,0.00010532602
KITLG,0.0001052603
SMOC1,0.00010515355
BNIP3L,0.00010511141
REG1B,0.0001050501
MAEA,0.00010498954
KIT,0.0001049289
MYOC,0.00010484683
LRIG1,0.000104674924
VEGFD,0.000104645784
KLK10,0.00010461862
ILKAP,0.000104606814
ACP6,0.00010446996
SYNGAP1,0.00010443344
PQBP1,0.00010440631
CLEC7A,0.00010440021
SMPD3,0.00010434964
PSRC1,0.00010430621
ADGRV1,0.00010423854
PTS,0.00010423474
FMR1,0.00010422979
ACTA2,0.0001042058
CEACAM3,0.00010418686
PIBF1,0.00010414679
CRISP2,0.000103824575
GBP4,0.0001038034
DSC2,0.00010378053
SKAP1,0.000103739316
CD80,0.000103726736
USP47,0.00010371369
STK24,0.00010348105
AGBL2,0.00010346921
KYNU,0.00010344598
PLXNB3,0.000103403596
WWP2,0.00010329316
SEPTIN9,0.00010323667
NPL,0.00010309933
CD48,0.00010297139
TGM2,0.00010295842
CCL20,0.00010295619
TG,0.00010294733
CD79B,0.00010288777
ATXN3,0.00010286844
IL32,0.00010277058
IL24,0.000102769205
FGF9,0.000102729406
ARAF,0.000102720616
CDC25A,0.00010271699
IL1RN,0.000102673745
SLIT2,0.000102652644
CDC42BPB,0.00010242266
TRAF3,0.00010236572
SMAD5,0.00010218658
BRSK2,0.00010209074
HSD17B3,0.00010204644
CHRDL2,0.000101996855
PPM1A,0.00010195644
CCN3,0.00010184356
BCL2L15,0.000101773214
PTX3,0.00010171243
TNFRSF17,0.000101681995
SERPINI2,0.00010165103
CD86,0.00010157253
IGF2R,0.000101553625
PDIA4,0.000101391175
GGH,0.000101379475
CEP170,0.00010131906
STX7,0.00010124993
CXCL17,0.000101244266
IL20RA,0.00010119949
ANPEP,0.00010112805
VSIR,0.000101016194
CD7,0.000100977675
CIT,0.00010084442
PDCD5,0.00010082477
CCL5,0.00010075193
ATXN2L,0.000100696234
PLSCR3,0.00010069429
ARID3A,0.000100609344
NHLRC3,0.00010060313
CCL22,0.00010059664
CXCL9,0.00010058236
TNFAIP8,0.00010054724
LTA4H,0.00010051216
SMS,0.00010045243
TSPYL1,0.00010043239
IFNL2,0.00010040134
SCARB1,0.0001003878
FOLR1,0.0001003614
ACP1,0.000100266814
CST5,0.000100241705
COMT,0.00010020276
S100A11,0.00010015237
STX1B,0.000100114856
PMS1,0.000100036996
KLKB1,9.987692e-05
AP3S2,9.979407e-05
PDCD1,9.978414e-05
NFAT5,9.967167e-05
CD6,9.964398e-05
INSL3,9.948136e-05
ADAMTS4,9.936724e-05
MYCBP2,9.93632e-05
IL3RA,9.927019e-05
OGFR,9.926196e-05
DXO,9.9149394e-05
CD27,9.906471e-05
RAC3,9.903282e-05
ESR1,9.9014156e-05
PITHD1,9.8971344e-05
GDF15,9.8947865e-05
TNFRSF11B,9.89296e-05
FCGR2B,9.892821e-05
DNAJC21,9.866576e-05
PNMA1,9.864067e-05
HPGDS,9.861851e-05
CTRC,9.860678e-05
GALNT3,9.847374e-05
CNTNAP2,9.8445926e-05
SCARF2,9.843235e-05
IL12B,9.840246e-05
CD209,9.839869e-05
ENSA,9.831776e-05
TNFRSF1B,9.829238e-05
SIAE,9.8290984e-05
AGR3,9.8235156e-05
ANGPTL3,9.8215634e-05
SIT1,9.819339e-05
TPP1,9.8177996e-05
FCGR2A,9.807327e-05
OGN,9.8071876e-05
DCUN1D2,9.8068434e-05
SPON1,9.805581e-05
ZBTB17,9.804732e-05
PDE4D,9.798961e-05
WASHC3,9.794618e-05
BDNF,9.7812364e-05
CST6,9.779194e-05
ITPRIP,9.768145e-05
HGF,9.7600394e-05
CDK5RAP3,9.751014e-05
NRP2,9.7411204e-05
IFI30,9.73865e-05
UBAC1,9.728108e-05
S100G,9.728045e-05
DENR,9.726845e-05
ST6GAL1,9.72089e-05
BAG3,9.7109216e-05
EHBP1,9.700809e-05
KCTD5,9.6932694e-05
PCSK7,9.693048e-05
CRIP2,9.684851e-05
IL18R1,9.669041e-05
SNAPIN,9.6603755e-05
VEGFB,9.644175e-05
PTPRH,9.6407195e-05
DSCAM,9.6382704e-05
CA1,9.632785e-05
NECTIN4,9.629129e-05
UBQLN3,9.628498e-05
CEACAM21,9.626448e-05
HNRNPUL1,9.623983e-05
PHYKPL,9.623462e-05
IL2RG,9.616089e-05
IGFBP6,9.609888e-05
KEL,9.597187e-05
CXCL12,9.596738e-05
SELE,9.5929536e-05
IGSF3,9.588788e-05
GRN,9.5790834e-05
CELA3A,9.5785326e-05
SYTL4,9.575271e-05
SERPINA12,9.570825e-05
NEXN,9.568353e-05
BOLA1,9.567721e-05
BLNK,9.56736e-05
EDIL3,9.567173e-05
PDZK1,9.554952e-05
ABRAXAS2,9.5433425e-05
RBP5,9.52855e-05
ERP44,9.521113e-05
PIGR,9.5209885e-05
RANGAP1,9.519589e-05
SNCG,9.518279e-05
ANGPTL2,9.515748e-05
SEPTIN8,9.492886e-05
AHNAK,9.492079e-05
C9ORF40,9.479487e-05
GLYR1,9.477293e-05
TNFRSF19,9.473836e-05
KHDC3L,9.4734416e-05
BST2,9.47298e-05
PAEP,9.456226e-05
LRRN1,9.4545525e-05
FAM3D,9.447676e-05
LEG1,9.444769e-05
NCR3LG1,9.4392344e-05
CD93,9.433348e-05
CLEC4A,9.425622e-05
LTBR,9.422803e-05
NUCB2,9.408217e-05
SMTN,9.407522e-05
RIPK4,9.405648e-05
LRPAP1,9.3990006e-05
MB,9.3950104e-05
STC1,9.390602e-05
PRKRA,9.3883624e-05
PRSS53,9.386237e-05
ASGR1,9.381743e-05
TGFBR1,9.3777424e-05
MORN4,9.375699e-05
HDDC2,9.3726325e-05
NUBP1,9.3594856e-05
S100P,9.355468e-05
ING1,9.34157e-05
KLK4,9.341065e-05
LBP,9.3257186e-05
CCN5,9.320665e-05
NRP1,9.304897e-05
DNER,9.301177e-05
TIGAR,9.2921975e-05
PFDN6,9.286187e-05
BHMT2,9.283739e-05
REG1A,9.276178e-05
GPRC5C,9.272137e-05
ASS1,9.264415e-05
KIR2DS4,9.260373e-05
SPINK1,9.2557915e-05
SH3GLB2,9.253999e-05
PLA2G10,9.24717e-05
CALCOCO2,9.243891e-05
SETMAR,9.243607e-05
PHLDB1,9.237967e-05
ARHGAP5,9.229788e-05
ADAM22,9.227356e-05
ITGB1BP1,9.2263625e-05
GFOD2,9.222063e-05
TNFRSF1A,9.221181e-05
PTPRZ1,9.212268e-05
MATN2,9.199073e-05
NACC1,9.1970185e-05
NENF,9.196844e-05
CLEC4C,9.195526e-05
REPS1,9.192576e-05
MSMB,9.1875765e-05
RANBP1,9.18546e-05
LYPD3,9.1833565e-05
YJU2,9.177825e-05
TPT1,9.174222e-05
EFNB2,9.171734e-05
CD248,9.171676e-05
RGS10,9.1710666e-05
RELT,9.1700516e-05
CD72,9.163576e-05
SNX18,9.159831e-05
GRK5,9.157024e-05
LSM1,9.1553644e-05
FCRL2,9.153374e-05
CLGN,9.150528e-05
BRME1,9.149942e-05
TBC1D5,9.147161e-05
C7,9.1458256e-05
LGALS3,9.144423e-05
BAIAP2,9.139546e-05
AGER,9.13315e-05
HSD11B1,9.123663e-05
DCC,9.10539e-05
C1GALT1C1,9.102138e-05
TXNDC9,9.101761e-05
IL3,9.0999114e-05
SOD3,9.09888e-05
CSF3,9.093053e-05
ESM1,9.0813286e-05
RARRES2,9.073732e-05
VWC2,9.069106e-05
SAT2,9.067997e-05
DHODH,9.049304e-05
IL33,9.0444824e-05
HIP1,9.029387e-05
MILR1,9.0278445e-05
PNMA2,9.0227215e-05
FGFBP2,9.022183e-05
TNFSF12,9.021229e-05
IL12RB1,9.019874e-05
PDIA3,9.01614e-05
CDC123,9.009831e-05
PCARE,9.0041e-05
NEK7,9.0013105e-05
FGF16,8.993039e-05
TXNL1,8.984825e-05
TMCO5A,8.980683e-05
ANXA10,8.9803056e-05
APOH,8.975063e-05
GCHFR,8.9712885e-05
PNPT1,8.970407e-05
LRP11,8.965376e-05
LILRB1,8.961957e-05
ISLR2,8.9612186e-05
FSHB,8.959362e-05
NOTCH2,8.957626e-05
SWAP70,8.951981e-05
CD63,8.944476e-05
AIDA,8.941107e-05
CCL23,8.93192e-05
RNF31,8.927506e-05
DCBLD2,8.924547e-05
CKB,8.9231624e-05
SERPINB5,8.921373e-05
C1QTNF1,8.91889e-05
ANKRD54,8.918461e-05
C1QTNF9,8.914794e-05
VSIG4,8.903414e-05
SUSD4,8.902035e-05
PRC1,8.898951e-05
IGHMBP2,8.896806e-05
PAXX,8.89192e-05
LTO1,8.890601e-05
DGCR6,8.882928e-05
DYNLT1,8.87796e-05
PREB,8.87458e-05
MAP2,8.87283e-05
TNFRSF4,8.87198e-05
CD28,8.8630855e-05
MEP1A,8.859784e-05
CD207,8.859396e-05
TOR1AIP1,8.850284e-05
NPDC1,8.839202e-05
SORD,8.830157e-05
CCL11,8.820434e-05
IL36A,8.8183224e-05
S100A14,8.8125955e-05
PADI4,8.805396e-05
NDST1,8.803446e-05
APLP1,8.8013214e-05
UBE2Z,8.791052e-05
IL10,8.789648e-05
GMFG,8.784417e-05
GM2A,8.780337e-05
AIF1L,8.774614e-05
DNAJB14,8.770602e-05
ADGRD1,8.767055e-05
BATF,8.758853e-05
TXK,8.755197e-05
MYH7B,8.744476e-05
CD59,8.735138e-05
NXPH1,8.734676e-05
SSB,8.723948e-05
NMI,8.7172804e-05
EPHA2,8.715838e-05
ENPP6,8.709416e-05
CPA4,8.7092645e-05
SRPK2,8.704242e-05
PRAP1,8.691078e-05
GFRA1,8.679918e-05
MAMDC2,8.67269e-05
VIT,8.6606124e-05
OSM,8.660612e-05
NPTX1,8.65263e-05
SPON2,8.651641e-05
HJV,8.6499706e-05
SDK2,8.644687e-05
TNFRSF9,8.631914e-05
BRD3,8.6311615e-05
LRTM1,8.6241525e-05
DNLZ,8.6190455e-05
SCARB2,8.618827e-05
SHBG,8.615153e-05
SRPX,8.614521e-05
BAMBI,8.601947e-05
RNASEH2A,8.601881e-05
TNFRSF13B,8.600043e-05
SEZ6L2,8.595826e-05
ACHE,8.584464e-05
PCOLCE,8.5772415e-05
ENAH,8.5742475e-05
IFIT1,8.567714e-05
WNT9A,8.566156e-05
ZBP1,8.561666e-05
GAST,8.560832e-05
CPVL,8.555825e-05
CD300LG,8.5536296e-05
SFRP4,8.5513806e-05
TEF,8.542254e-05
MCEE,8.5408785e-05
LRRC59,8.536852e-05
PON2,8.534697e-05
RETN,8.5257096e-05
CD99L2,8.5228996e-05
RALY,8.511406e-05
NPTN,8.509057e-05
LY6D,8.503564e-05
DDT,8.502817e-05
CR1,8.498466e-05
NAGA,8.4817584e-05
TET2,8.477017e-05
GBP6,8.4745116e-05
PRG3,8.472253e-05
GSTM4,8.468312e-05
NPTX2,8.462431e-05
FAM13A,8.460095e-05
CRNN,8.4589905e-05
SMPD1,8.451248e-05
ENTR1,8.4325504e-05
CD3D,8.422631e-05
TXNDC15,8.4218875e-05
IL16,8.420102e-05
RCC1,8.419795e-05
CNTNAP4,8.416752e-05
VCPKMT,8.409865e-05
ZCCHC8,8.404072e-05
RBP7,8.403662e-05
BLMH,8.397688e-05
S100A13,8.371515e-05
TMPRSS11D,8.369893e-05
TNFRSF21,8.368727e-05
BCAT2,8.366566e-05
NME3,8.361594e-05
CNTF,8.357524e-05
CAPS,8.354074e-05
BTN1A1,8.353222e-05
ANXA5,8.350947e-05
CNPY2,8.341915e-05
NOTCH1,8.333326e-05
PRR4,8.328885e-05
EFHD1,8.328153e-05
RICTOR,8.327639e-05
RNF4,8.326098e-05
CCL3,8.3099716e-05
MAGEA3,8.304131e-05
LYPLA2,8.299529e-05
CD3E,8.298649e-05
MOG,8.290653e-05
IL2,8.289543e-05
PDRG1,8.287989e-05
PXDNL,8.284813e-05
CD1C,8.2829094e-05
MSTN,8.2805826e-05
IFNLR1,8.2754814e-05
ESPL1,8.2673134e-05
IL15RA,8.242814e-05
NAP1L4,8.235319e-05
NELL2,8.222744e-05
CAMKK1,8.216643e-05
ADAM8,8.215654e-05
IL31,8.213262e-05
ENTPD2,8.211363e-05
SHD,8.209615e-05
IFNL1,8.2086844e-05
IL21R,8.203749e-05
PLA2G15,8.201321e-05
NCAM2,8.201105e-05
SCARF1,8.200383e-05
FGF7,8.191272e-05
CDHR5,8.187652e-05
HSPB6,8.1859725e-05
PSIP1,8.1837294e-05
GALNT2,8.182991e-05
PRR5,8.179084e-05
TOP2B,8.172196e-05
DDX25,8.1682236e-05
TRAF3IP2,8.166987e-05
CSPG4,8.162957e-05
MFAP3,8.157588e-05
ACAN,8.1550876e-05
CSF2,8.139957e-05
KLK15,8.137815e-05
IL1RAP,8.131077e-05
TNFSF8,8.127749e-05
CLEC4G,8.1262086e-05
PDGFRB,8.1179765e-05
RASSF2,8.1116756e-05
TFF2,8.110442e-05
MAPRE3,8.109342e-05
CTRL,8.104124e-05
SEZ6L,8.097215e-05
PRKD2,8.085307e-05
CD276,8.082801e-05
TBR1,8.0756574e-05
IGSF8,8.070921e-05
FGF20,8.066857e-05
LILRB2,8.066512e-05
LAP3,8.065349e-05
VWC2L,8.06446e-05
SPAG1,8.0373175e-05
SLIRP,8.025008e-05
PDGFC,8.023795e-05
PTGDS,8.019906e-05
C2CD2L,8.007624e-05
VTCN1,8.0070924e-05
MAN2B2,8.0031845e-05
DPY30,8.002635e-05
HS3ST3B1,7.996035e-05
ITM2A,7.9905854e-05
HMMR,7.9738435e-05
CLEC14A,7.962702e-05
LY75,7.9553894e-05
COMMD9,7.94629e-05
TAGLN3,7.932343e-05
CLSTN1,7.922863e-05
KIAA2013,7.922538e-05
CRELD1,7.919291e-05
MCAM,7.9089135e-05
PTH1R,7.897564e-05
PRSS22,7.8940044e-05
MYH4,7.888888e-05
DDX53,7.878846e-05
TRIM24,7.874687e-05
FLT4,7.872652e-05
DDI2,7.870075e-05
LAYN,7.868621e-05
PTPRR,7.8645695e-05
PTPRF,7.863571e-05
RTKN2,7.854483e-05
GFRA3,7.850745e-05
FOXJ3,7.849612e-05
NFASC,7.848787e-05
SERPINB9,7.848419e-05
ESAM,7.844394e-05
LIF,7.84325e-05
EDF1,7.842664e-05
VSTM1,7.840959e-05
MRPS16,7.8399346e-05
CELSR2,7.838062e-05
AMOT,7.8356585e-05
TCP11,7.831798e-05
PROCR,7.828967e-05
CREB3,7.8164114e-05
MANSC1,7.81556e-05
THY1,7.81495e-05
RGS8,7.808825e-05
CD84,7.807383e-05
PTPRC,7.805668e-05
MORC3,7.794071e-05
CCN2,7.789397e-05
PRG2,7.7865516e-05
IKZF2,7.777486e-05
HS6ST1,7.776869e-05
IL20RB,7.773109e-05
CD83,7.771829e-05
CACNA1C,7.770434e-05
GPHA2,7.7644756e-05
CCDC50,7.76417e-05
AGRP,7.763448e-05
CRTAC1,7.763235e-05
CD244,7.762798e-05
CGN,7.75587e-05
SPINK2,7.75425e-05
LARP1,7.746768e-05
POSTN,7.746668e-05
ADGRG1,7.7448385e-05
ADAM15,7.742924e-05
MTPN,7.736335e-05
RALB,7.735842e-05
GLA,7.733769e-05
PTK7,7.729895e-05
FKBP7,7.726455e-05
EXTL1,7.725992e-05
PPIF,7.713149e-05
TIE1,7.710579e-05
RNASE10,7.708685e-05
HDGFL2,7.705333e-05
NELL1,7.703078e-05
DHPS,7.6992634e-05
CXCL16,7.697034e-05
CLEC11A,7.696242e-05
IL17F,7.690033e-05
C1S,7.6873584e-05
CLNS1A,7.686345e-05
HMBS,7.6857636e-05
FAM3B,7.6811055e-05
TGFBR3,7.6731674e-05
CBLN4,7.668203e-05
GNLY,7.66439e-05
FETUB,7.653516e-05
MZB1,7.648518e-05
AHSA1,7.6418626e-05
CCL28,7.640032e-05
F3,7.637683e-05
ADAM12,7.636416e-05
COCH,7.6357835e-05
B4GALT1,7.633908e-05
CD302,7.630033e-05
GALNT7,7.623589e-05
PTPRM,7.620774e-05
EPHB6,7.620201e-05
GIPC2,7.612524e-05
ACRV1,7.609833e-05
TNFAIP2,7.602407e-05
SEMA4C,7.597596e-05
ADGRE5,7.5956166e-05
FCN2,7.595183e-05
CALB2,7.593585e-05
MTUS1,7.586372e-05
NOMO1,7.585795e-05
GALNT10,7.577521e-05
TMPRSS11B,7.57494e-05
IL22RA1,7.55808e-05
BCAT1,7.555216e-05
ADAMTS1,7.5519434e-05
ADGRB3,7.551565e-05
GOLM2,7.550032e-05
EFNA1,7.549446e-05
B3GNT7,7.544575e-05
PTTG1,7.54206e-05
BLOC1S2,7.5391086e-05
MPRIP,7.5286545e-05
SPRED2,7.5230535e-05
RIDA,7.520538e-05
LCP1,7.5164215e-05
ENOX2,7.502798e-05
TPK1,7.49877e-05
SERPINF1,7.4955504e-05
CFH,7.492114e-05
TMEM25,7.4900774e-05
DDA1,7.487874e-05
IL2RA,7.487175e-05
CLEC1A,7.486984e-05
MRPL28,7.486533e-05
NTF3,7.485703e-05
ERN1,7.484371e-05
ANGPTL7,7.482294e-05
ACADM,7.4794625e-05
ROBO2,7.4712974e-05
FZD10,7.467495e-05
PEPD,7.45599e-05
CXCL14,7.450065e-05
PTP4A3,7.442985e-05
CCL14,7.440606e-05
PRUNE2,7.439622e-05
HS6ST2,7.434943e-05
NBL1,7.4312215e-05
SAT1,7.430499e-05
DNMBP,7.4269985e-05
CHL1,7.410465e-05
SPOCK1,7.400091e-05
SUSD2,7.3974756e-05
VWA5A,7.380777e-05
CRHBP,7.377394e-05
HAVCR2,7.3683994e-05
POF1B,7.3659234e-05
ANK2,7.3632946e-05
LRG1,7.362468e-05
IL7R,7.3480645e-05
ADAMTSL5,7.34047e-05
DKK3,7.337561e-05
ART5,7.3275856e-05
ECSCR,7.327482e-05
EGFL7,7.3132396e-05
NRCAM,7.309537e-05
RBM19,7.3041636e-05
MYOM1,7.3041054e-05
CGREF1,7.3029754e-05
ST8SIA1,7.3022755e-05
MAN1A2,7.301518e-05
BCAM,7.297452e-05
RNF149,7.296673e-05
RBFOX3,7.2913856e-05
IVD,7.285136e-05
PALM3,7.284176e-05
NINJ1,7.273152e-05
SCRG1,7.2685834e-05
RBPMS,7.263357e-05
TIMP2,7.251085e-05
DTNB,7.2429924e-05
LY9,7.2407594e-05
ECE1,7.238033e-05
CRYBB2,7.236995e-05
RTN4R,7.23175e-05
RNASET2,7.2302144e-05
UHRF2,7.219852e-05
CEP350,7.21905e-05
THAP12,7.218377e-05
ADGRE2,7.2157585e-05
UMOD,7.2115916e-05
CAPN3,7.210133e-05
LPCAT2,7.19328e-05
FAM3C,7.1925846e-05
HEG1,7.192145e-05
ITIH4,7.18963e-05
ROBO1,7.180133e-05
ADA,7.1799885e-05
UGDH,7.175045e-05
DOC2B,7.165219e-05
CRISP3,7.163699e-05
SELP,7.162104e-05
C1QTNF5,7.1530885e-05
CHGA,7.152921e-05
IL1RL2,7.15101e-05
C8B,7.1427035e-05
ISM2,7.1386836e-05
IL13RA1,7.1290895e-05
KAZALD1,7.128261e-05
IL25,7.1219205e-05
ATF4,7.118718e-05
FGF6,7.1183145e-05
NFIC,7.1166236e-05
WIF1,7.1089366e-05
ZPR1,7.1079725e-05
EFNA4,7.107019e-05
EPPK1,7.103798e-05
LEPR,7.101564e-05
KCNH2,7.100647e-05
FOSB,7.0976326e-05
ASGR2,7.094394e-05
LACRT,7.092562e-05
LGALS3BP,7.090595e-05
USP28,7.089451e-05
PTPRB,7.067378e-05
MANEAL,7.0534574e-05
TCL1B,7.0522015e-05
IL12RB2,7.0519294e-05
SH3BP1,7.038696e-05
CEP112,7.037972e-05
SEPTIN7,7.0361275e-05
S100A3,7.0346665e-05
STOML2,7.03156e-05
PDIA2,7.027561e-05
CRX,7.0229136e-05
DYNLT3,7.021256e-05
RGMA,7.016953e-05
SPTLC1,7.012036e-05
VSNL1,7.005822e-05
EFCAB2,6.999491e-05
IGF2BP3,6.995191e-05
RGL2,6.991515e-05
LMNB2,6.990504e-05
CALCB,6.9706344e-05
CINP,6.9597416e-05
ACVRL1,6.9561174e-05
GABARAPL1,6.9514834e-05
FCER1A,6.946909e-05
NCS1,6.942012e-05
CALY,6.9358226e-05
SBSN,6.93514e-05
AMIGO1,6.933908e-05
ZP4,6.933809e-05
CFI,6.9303955e-05
HBQ1,6.9229216e-05
BRD2,6.9175054e-05
GFRAL,6.916779e-05
CD164,6.915335e-05
CLEC10A,6.9027985e-05
CRTAP,6.8999805e-05
IL13,6.8952075e-05
NEDD9,6.892004e-05
PGLYRP2,6.88953e-05
SLURP1,6.8892026e-05
GCNT1,6.888014e-05
PDCD6,6.882507e-05
RPGR,6.859054e-05
MKI67,6.857349e-05
SEMA4D,6.852299e-05
DTX3,6.843288e-05
TINAGL1,6.842678e-05
CD164L2,6.842189e-05
NAPRT,6.841531e-05
TNFRSF8,6.839722e-05
SLAMF8,6.838055e-05
SPINT2,6.836214e-05
LYAR,6.835945e-05
FGFR2,6.831728e-05
SEMA7A,6.829889e-05
S100A16,6.814185e-05
LIFR,6.808375e-05
MRPL52,6.796731e-05
TCOF1,6.795114e-05
GTF2IRD1,6.7919354e-05
VASN,6.7914916e-05
CCL21,6.788524e-05
VSTM2L,6.778899e-05
RASA1,6.7701185e-05
PODXL2,6.769445e-05
FGFBP1,6.761866e-05
TNPO1,6.7583715e-05
GIMAP8,6.746836e-05
HGFAC,6.732824e-05
PSAP,6.716091e-05
PON1,6.705647e-05
SLK,6.703066e-05
TFAP2A,6.696132e-05
CEMIP2,6.696091e-05
ULBP2,6.693312e-05
NEFL,6.690563e-05
CPE,6.689249e-05
LRP2BP,6.67469e-05
IL19,6.674132e-05
EDEM2,6.666076e-05
SLITRK1,6.6624096e-05
ARG2,6.65591e-05
MET,6.6445005e-05
SATB1,6.644486e-05
PIK3IP1,6.6386594e-05
TMED1,6.635182e-05
BTN3A2,6.635128e-05
FHIP2A,6.627719e-05
SELPLG,6.619258e-05
DENND2B,6.611149e-05
HTR1A,6.608296e-05
HYOU1,6.589447e-05
IL20,6.587617e-05
IL10RA,6.585079e-05
REXO2,6.580543e-05
PHOSPHO1,6.579419e-05
MDM1,6.574037e-05
PTPN9,6.567993e-05
GLT8D2,6.5627486e-05
H2AP,6.5580105e-05
ARTN,6.557764e-05
CD46,6.547011e-05
C1QA,6.542884e-05
SAFB2,6.5253465e-05
GIPR,6.522219e-05
GC,6.517258e-05
C1R,6.5172404e-05
GAMT,6.5170556e-05
VSIG2,6.516107e-05
TPSG1,6.502955e-05
CFB,6.4914384e-05
CD200R1,6.4848806e-05
BEX3,6.480619e-05
PLXNB2,6.478657e-05
ACP5,6.478228e-05
PCDH12,6.4743705e-05
CORO6,6.4713415e-05
GART,6.470333e-05
SPRING1,6.469431e-05
CRLF1,6.466634e-05
PBXIP1,6.46443e-05
UPK3BL1,6.44998e-05
CDKL5,6.4411906e-05
TYRO3,6.4409025e-05
PALM,6.418281e-05
EFCAB14,6.411666e-05
CNDP1,6.411333e-05
ZNF174,6.4018976e-05
PDXDC1,6.4018954e-05
DLGAP5,6.395815e-05
IL4R,6.389659e-05
CLEC3B,6.370576e-05
ADCYAP1R1,6.369337e-05
GPNMB,6.366711e-05
MAP1LC3B2,6.354245e-05
PPT1,6.3488755e-05
PALLD,6.336058e-05
PAM,6.3250496e-05
TNFSF13,6.3192856e-05
GPR101,6.315832e-05
B4GAT1,6.315767e-05
PRTG,6.314813e-05
APOF,6.303208e-05
PPP1R12B,6.291922e-05
NTF4,6.2833366e-05
FUT1,6.282155e-05
LCN2,6.280108e-05
CREBZF,6.276625e-05
PRELP,6.275686e-05
PGLYRP1,6.2717445e-05
LCAT,6.2711624e-05
QPCT,6.263341e-05
IL15,6.2569205e-05
HK2,6.2115105e-05
KCNIP4,6.19667e-05
DDR1,6.185699e-05
CCN4,6.183673e-05
TP73,6.156021e-05
PI16,6.155346e-05
ADAMTS13,6.140822e-05
UNG,6.13649e-05
GADD45B,6.133993e-05
SPINT1,6.1213e-05
IFNW1,6.110942e-05
UBE2B,6.1106046e-05
CX3CL1,6.0990926e-05
NTRK3,6.0897688e-05
VAT1,6.0711387e-05
CEACAM1,6.0535862e-05
TJP3,6.050358e-05
TDO2,6.0234266e-05
NRN1,6.0214057e-05
KCNC4,5.997742e-05
CD82,5.9954727e-05
SERPINA4,5.9926264e-05
EVI2B,5.987546e-05
EIF5A,5.9826758e-05
ROR1,5.971168e-05
TSPAN1,5.967032e-05
EPHB4,5.966291e-05
PCDH17,5.9554764e-05
IL1R1,5.9460355e-05
CEND1,5.940711e-05
GKN1,5.9140428e-05
SCGB3A1,5.9003036e-05
IL1R2,5.8967402e-05
HTR1B,5.883575e-05
TMED4,5.8741083e-05
CLSPN,5.8595582e-05
ENTPD5,5.85797e-05
ICOSLG,5.8464047e-05
PLXDC2,5.8453883e-05
ATRAID,5.8434147e-05
WFDC2,5.8319893e-05
PAIP2B,5.8318714e-05
CTLA4,5.7969846e-05
ECM1,5.785318e-05
NXPH3,5.7696918e-05
SCGB2A2,5.7595822e-05
IZUMO1,5.7578778e-05
SELENOP,5.7479374e-05
CCDC28A,5.7453963e-05
KLK6,5.741076e-05
AMIGO2,5.737569e-05
GIMAP7,5.7297126e-05
ZHX2,5.7272726e-05
PPM1B,5.7249763e-05
ATP1B4,5.716319e-05
SNX5,5.7133773e-05
AXL,5.7075187e-05
TACSTD2,5.6989105e-05
MST1,5.696119e-05
IGF1R,5.6889967e-05
KIRREL1,5.6678935e-05
CLEC5A,5.6633307e-05
SSH3,5.6484114e-05
C2,5.639713e-05
B3GAT3,5.616253e-05
FRZB,5.6121604e-05
SERPINA7,5.600946e-05
PBK,5.599662e-05
C1QTNF6,5.5991757e-05
ID4,5.5907727e-05
IGDCC4,5.5871078e-05
AMDHD2,5.5742872e-05
CLSTN3,5.567776e-05
CD300A,5.565937e-05
IL2RB,5.564797e-05
IL13RA2,5.5561657e-05
NGFR,5.5519205e-05
NAGPA,5.5348195e-05
PDGFRA,5.521416e-05
NCLN,5.5203927e-05
CLMP,5.5103636e-05
ORM1,5.5098204e-05
IFNGR1,5.5029243e-05
PGF,5.4939883e-05
ENG,5.480842e-05
EPHA4,5.4788874e-05
RSPO1,5.476211e-05
SEZ6,5.465484e-05
TIGIT,5.4559205e-05
PCDH7,5.3874577e-05
BTN2A1,5.383645e-05
STX3,5.355365e-05
MENT,5.350294e-05
OSBPL2,5.3487835e-05
OSMR,5.332922e-05
EPN1,5.3278047e-05
SOWAHA,5.3202195e-05
CADPS,5.2720596e-05
PRAME,5.2717376e-05
FLT1,5.269493e-05
PEAR1,5.2618914e-05
CLEC12A,5.2533644e-05
AFM,5.249575e-05
MEGF11,5.24246e-05
CD2,5.2423224e-05
TP53INP1,5.2290696e-05
BCL7B,5.1814714e-05
CA8,5.1639436e-05
RNASE4,5.160149e-05
CPLX2,5.1060324e-05
ALCAM,5.0973853e-05
GID8,5.0693183e-05
ADAMTSL4,5.0320992e-05
FRMD7,4.997237e-05
SEMA6C,4.9871294e-05
DNPEP,4.9790433e-05
ARHGAP30,4.9738817e-05
MCTS1,4.945665e-05
LRIG3,4.9283208e-05
SIL1,4.8544916e-05
ENTPD6,4.8427883e-05
CTBS,4.7918544e-05
RECK,4.765524e-05
NTRK2,4.7597252e-05
RGMB,4.7424848e-05
PODXL,4.718513e-05
PTPRK,4.7062524e-05
FGF3,4.6968496e-05
MTHFD2,4.6649526e-05
CDAN1,4.663036e-05
C1RL,4.6433517e-05
PON3,4.6416215e-05
GNPDA1,4.5831002e-05
AHNAK2,4.5800592e-05
C7ORF50,4.5474084e-05
BTD,4.4224256e-05
FAM171B,4.408074e-05
CANT1,4.407574e-05
IFNAR1,4.2695367e-05
ROBO4,4.2324053e-05
NGRN,4.1081526e-05
ATRN,4.084268e-05
VIPR1,4.0797902e-05
LAMP1,4.0500552e-05
SERPINA3,4.0233426e-05
LYVE1,3.896313e-05
SERPINA1,3.8891318e-05
PCDH1,3.8625454e-05
CD58,3.8613405e-05
AKAP12,3.8594662e-05
SERPINA6,3.844804e-05
INSR,3.809516e-05
IDS,3.7898382e-05
C5,3.7455055e-05
IL6ST,3.6493617e-05
NUDT10,3.3002743e-05
SAA4,3.0282961e-05
NGF,2.6575497e-05
GLIPR1,1.2982661e-05
