Category,Disease,Ranked_Proteins
Benign_neoplasm_or_Carcinoma_in_situ,Benign_neoplasm_and_polyp_of_uterus_filtered,"SERPINE1, PNLIPRP2, VIM, TWF2, LMNB1, SRC, SAP18, GFAP, RPA2, PSMD1, ITGB1, FOXO3, TBL1X, LEFTY2, CHIT1, BGN, GSTA1, MYH9, CCNE1, ARID4B, EPS8L2, SMAD2, SFTPD, NPHS2, VPS28"
Benign_neoplasm_or_Carcinoma_in_situ,Benign_neoplasm_of_colon_rectum_anus_and_anal_canal,"APP, SERPINE1, PNLIPRP2, FKBP1B, AGXT, PSMD9, PTPN6, VAV3, POLR2F, CDH15, CDKN1A, SIRPA, SKAP2, TBL1X, TOMM20, VIM, TRIM25, FLI1, LMNB1, GSTA1, VPS28, ACY1, SRC, SULT1A1, F7"
Benign_neoplasm_or_Carcinoma_in_situ,Leiomyoma_of_uterus_filtered,"LEFTY2, VIM, SERPINE1, HMOX1, PSMD9, SULT1A1, NAMPT, PSMD1, PNLIPRP2, IGFBP1, LMNB1, PARK7, STXBP1, PRL, RUVBL1, MYH9, SMC3, GP1BB, NID2, PSMA1, SFTPD, CASP4, SERPINE2, APOA1, TIMM8A"
Cancers,Primary_Malignancy_Breast,"LEP, KLK3, CGA, CALCA, APOE, VWF, TBL1X, GH1, LYN, SRC, GGT1, MMP3, CA6, GSTA1, APP, CDH15, PGA4, IGFBP1, LPL, LEFTY2, PNLIPRP2, NBN, HSPA1A, SERPINE1, CHIT1"
Cancers,Primary_Malignancy_Lung_and_trachea,"GSTA1, VIM, CEACAM6, PNLIPRP2, SFTPD, CHIT1, BGN, PNLIP, PSMD1, IL6, LMNB1, SULT1A1, SFTPA2, ITGB1, HSPA2, SRC, FN1, SERPINE1, COL2A1, PSMD9, MSLN, IGFBP1, VWF, GCG, ATP6V1G1"
Cancers,Primary_Malignancy_Other_Skin_and_subcutaneous_tissue,"GSTA1, HMOX1, HRAS, LEP, FGF2, VPS37A, PNLIPRP1, POLR2F, COL2A1, KLK3, CDH15, CHIT1, CDC27, NPHS2, PNLIPRP2, SKAP2, VPS28, IGFBP1, SULT1A1, APP, SRC, ATF2, PSMD1, TBL1X, PSMA1"
Cancers,Primary_Malignancy_Prostate_filtered,"KLK3, PNLIPRP2, SERPINE1, PSME2, SRC, PSMD9, PSMD1, CDKN1A, PSMA1, RUVBL1, HSPA2, RNF5, F7, AKT2, ATF2, BPIFB2, TBL1X, PAPPA, FN1, PRL, HSP90B1, PFDN6, GAS6, FURIN, VWF"
Cancers,Primary_Malignancy_colorectal_and_anus,"VIM, TBL1X, PSMD5, COL4A1, TRDMT1, APP, SHC1, PSMD9, MNAT1, TPR, SULT1A1, POLR2F, SERPINE1, FGF2, BHLHE40, CDH15, RAD51, CEACAM8, TP53BP1, LMNB1, CASP4, PTPN6, PNLIPRP2, RANBP2, MYH9"
Cancers,Secondary_Malignancy_Bone,"SFTPD, GSTA1, PSMD5, FGF21, KLK3, BHLHE40, VIM, APOE, SFTPA1, SFTPA2, VWF, COL4A1, TBL1X, BGN, APP, SULT1A1, PSCA, NBN, LMNB1, CEACAM8, SERPINE1, ACY1, COL2A1, MMP9, MSLN"
Cancers,Secondary_Malignancy_Lung,"VWF, PNLIPRP2, PSMD1, SRC, SERPINE1, CEACAM8, DNAJB1, VIM, TERF1, SFTPD, STAT5B, VPS37A, TBL1X, DCTN2, CA13, SIRPA, CEACAM6, TPR, GUCY2C, FGA, PSMD9, SULT1A1, GPC5, GSTA1, RUVBL1"
Cancers,Secondary_Malignancy_Lymph_Nodes,"PSMD9, TBL1X, PNLIPRP2, RAD51, SFTPA2, MYH9, CHIT1, TPMT, SRC, SFTPD, RUVBL1, SULT1A1, PARK7, STAT5B, LYN, VAV3, BHLHE40, POLR2F, TIMM8A, LEP, HGS, CEACAM8, TWF2, GCG, SERPINE1"
Cancers,Secondary_Malignancy_Other_organs,"PNLIPRP2, VIM, KLK3, TBL1X, SFTPA2, IGFBP1, POLR2F, FABP1, GGT1, SFTPD, CEACAM6, GSTA1, RANBP2, SMAD2, VWF, EP300, FGF2, SFTPA1, RNF5, MNAT1, CDKN1A, CEACAM8, HMOX1, ANXA2, IL6"
Cancers,Secondary_Malignancy_retroperitoneum_and_peritoneum,"SRC, MYH9, TPR, PSME1, VIM, LEP, SMAD2, TBL1X, SFTPA1, AKT2, CA6, PNLIPRP2, PSMD9, CDH1, GP6, POLR2F, CDC26, VPS28, FABP1, GRPEL1, KLK3, ANXA2, COL4A1, FOXO3, SHC1"
Cancers,Secondary_malignancy_Liver_and_intrahepatic_bile_duct,"PNLIPRP2, APP, TIMM8A, LYN, CHIT1, STAT5B, VIM, SERPINE1, MYH9, PSMA1, SRC, IL6, SHC1, PSMD9, SULT1A1, LMNB1, GGT1, CYB5A, GUCY2C, TBL1X, MYL3, COL4A1, TRIM25, TOMM20, APOE"
Cardiovascular,Atrial_fibrillation,"LTBP2, VIM, COL4A1, F7, PNLIPRP2, BCAN, ATF2, GP1BB, SFTPD, COL1A1, APOL1, TBL1X, AGXT, HSPG2, EIF4G1, FURIN, KLK3, TNNI3, FABP1, PPP2R5A, CEACAM8, BGN, SRC, LYN, GDF2"
Cardiovascular,Coronary_heart_disease_not_otherwise_specified,"CES1, FABP1, RUVBL1, TBL1X, REN, KLK3, SRC, CDC27, TOMM20, SERPINE1, NBN, TNNI3, APOE, STAT5B, CD163, LMNB1, GH1, FGF23, SFTPD, PSMD9, ADH1B, SNAP25, CDKN1A, IGFBP1, PCSK9"
Cardiovascular,Heart_failure,"SERPINE1, TBL1X, PNLIPRP2, BHLHE40, COL4A1, PSMC3, PSMD9, LMNB1, VIM, PSMD5, SRC, PARK7, GSTA1, SULT1A1, FKBP1B, SOD2, GFER, CDKN1A, ACY1, GGT1, VWF, TNNI3, REN, RANBP2, F7"
Cardiovascular,Hypertension,"REN, LTBP2, MYL3, MMP7, GGT1, ELN, MYH9, HAVCR1, TIMM8A, CTSB, LEP, SRC, PTPN6, MMP9, COL5A1, KLK3, FBLN2, CD14, IGFBP1, SCN4B, TNNI3, PNLIPRP2, MMP10, FABP1, COL1A1"
Cardiovascular,Ischaemic_stroke,"ITGA6, SHC1, SRC, FKBP1B, GFER, BHLHE40, LAMA1, TBL1X, RAD51, VPS37A, CEACAM6, SULT1A1, FXN, YES1, BPIFB2, GCG, ATF2, NID2, PSMA1, APOE, KLK1, VWF, PSMD5, MAP2K6, GGT1"
Cardiovascular,Left_bundle_branch_block,"LMNB1, GSTA1, HSPA1A, TBL1X, CEACAM8, TRDMT1, CHIT1, POLR2F, VIM, CASP3, NUP50, SMC3, VPS37A, KLK3, PNLIPRP2, ELN, MMP9, ITGA5, RAD51, GP1BB, COL2A1, LAMA1, COL4A1, HSPA2, PSMD1"
Cardiovascular,Multiple_valve_dz,"TBL1X, COL4A1, PSMD9, LMNB1, PSME2, VIM, GSTA1, SDC4, MYH9, AKT2, COL2A1, VWF, FGF2, CDKN1A, CASP4, PPP2R5A, PSME1, SERPINE1, MSR1, GCG, ATF2, NBN, POLR2F, CDC27, LTBP2"
Cardiovascular,Myocardial_infarction,"TBL1X, PNLIPRP2, SERPINE1, SRC, STAT5B, KLK3, PSMD1, APOE, SULT1A1, GGT1, SAP18, TPRKB, CALCA, TRIM25, IMMT, NPHS2, VWF, IL6, TRDMT1, PSMD9, LMNB1, COL2A1, LYN, F7, CA3"
Cardiovascular,Nonrheumatic_aortic_valve_disorders,"TBL1X, PNLIPRP2, FASLG, TNFRSF10A, MYH9, LMNB1, TNNI3, SERPINE1, VIM, HSPA2, PSME1, PSMA1, APOE, SRC, PSMC3, PSMD5, ATF2, GGT1, CDH15, CDKN1A, ITGA6, SERPINE2, PSMD9, LYN, SMC3"
Cardiovascular,Nonrheumatic_mitral_valve_disorders,"GSTA1, TBL1X, PSMD9, SMAD3, COL4A1, VAV3, FABP1, CAMLG, SULT1A1, TP53BP1, FGF2, FURIN, SRC, SAP18, CTSH, NID2, POLR2F, NBN, PARP1, TOMM20, NPHS2, TIMM8A, ITGB5, CDKN1A, LEP"
Cardiovascular,Peripheral_arterial_disease,"COL4A1, FABP1, PNLIPRP2, LYN, CDKN1A, CHIT1, GSTA1, SERPINE1, GP6, SFTPD, COL2A1, CA6, GUSB, LAMA1, PSMD1, RAD51, SRC, KIF22, SULT1A1, CEACAM6, PRKAR2A, TBL1X, SKAP2, CAT, ITGA6"
Cardiovascular,Primary_pulmonary_hypertension,"TBL1X, IGFBP1, SFTPD, TRDMT1, CHIT1, PSMD5, F7, PSMD9, VWF, PRKAB1, PDLIM5, VPS37A, BHLHE40, KIF22, GSTA1, MYH9, VIM, PRKG1, PNLIPRP2, DBNL, SRC, COL4A1, PDE5A, HMOX1, SH2B3"
Cardiovascular,Pulmonary_embolism,"VWF, PSMA1, SRC, POLR2F, SFTPD, SMAD2, PRKAB1, PNLIPRP2, CHIT1, SHC1, NCK2, SFTPA2, RAD51, FOXO3, CD2AP, PSMD1, CDH15, ITGB5, MYH9, ACY1, MAP2K6, KLK3, SFTPA1, SULT1A1, GSTA1"
Cardiovascular,Raynaud_syndrome,"VWF, PSMD5, LMNB1, PSMD9, PSMD1, NBN, TBL1X, GSTA1, PSME1, MYH9, PSMA1, ATF2, IGFBP1, LYN, ITGA2, PSME2, HSPA2, SERPINE1, GP6, GH1, GCG, CYB5A, ACY1, GRPEL1, LEFTY2"
Cardiovascular,Right_bundle_branch_block,"VPS37A, PSMD9, PNLIPRP2, NBN, F7, VIM, SFTPD, PDLIM5, TFRC, GP1BB, APP, FKBP1B, CHMP6, TBL1X, PSMA1, CHIT1, CALCA, KLK3, SAP18, RUVBL1, SDC4, GRPEL1, GSTP1, COL4A1, SLC16A1"
Cardiovascular,Stable_angina,"SFTPD, APP, PNLIPRP2, REN, PLAT, CHIT1, FABP1, KLK3, AKT2, COL2A1, VIM, GFAP, GGT1, FURIN, CDH15, PCSK9, CDKN1A, SERPINE1, SKAP2, YES1, GCG, ITGB1, BPIFB2, SULT1A1, PSMD1"
Cardiovascular,Supraventricular_tachycardia,"SERPINE1, TBL1X, PDE5A, SMAD2, VAV3, LMNB1, OCLN, RAD51, VIM, CDKN1A, SRC, PNLIPRP2, F7, SHH, VWF, LEP, GSTA1, GFER, VPS28, PARK7, POLR2F, MYH9, MAP2K6, HHEX, UBE2L6"
Cardiovascular,Transient_ischaemic_attack,"VIM, TBL1X, SKAP2, LMNB1, FOXO3, PSMA1, CHIT1, ATF2, CEACAM8, SMAD2, MYL3, PSME2, ACTN2, PNLIPRP2, MAP2K6, HMOX1, SMC3, SERPINE1, YAP1, CDC26, SAP18, HSPA2, GSTP1, RNASE1, CDKN1A"
Cardiovascular,Unstable_Angina,"TBL1X, SERPINE1, AGXT, POLR2F, ITGB1, FGF21, SRC, VIM, PSMD9, ATF2, PNLIPRP2, ITGA6, RUVBL1, FURIN, VAV3, TERF1, SERPINE2, SULT1A1, MYL6B, SFTPD, RAD51, PDE5A, GSTA1, CTSH, MLLT1"
Cardiovascular,Venous_thromboembolic_disease,"SRC, LMNB1, TBL1X, SMC3, PNLIPRP2, GFAP, CHMP6, TPR, NAMPT, PSME2, GSTA1, PDE5A, LATS1, VAV3, FGF21, VIM, F7, LDLR, GP1BB, TWF2, LYN, VWF, RCOR1, SERPINE1, SAP18"
Digestive,Abdominal_Hernia,"KLK3, LEP, TBL1X, SRC, LMNB1, CGA, VIM, MYL3, ITGB1, CEACAM8, IGFBP1, APOE, PSMD9, LEFTY2, PSME1, SERPINE1, PTPN6, AKT2, SULT1A1, SAP18, FABP1, CDKN1A, GSTA1, CHIT1, IGFBP2"
Digestive,Anal_fissure,"VIM, IGFBP1, NBN, ITGA2, GSTA1, TBL1X, KIF22, WASL, MYH9, NPHS2, PSMD9, SIRPA, COL4A1, VPS37A, POLR2A, PLAT, CEACAM8, PNLIPRP2, YES1, TP53BP1, CHIT1, GP1BB, CD163, PNLIPRP1, DBNL"
Digestive,Barrett_oesophagus,"PGA4, LYN, SLC16A1, PDE5A, PNLIPRP2, APOE, ATF2, LMNB1, NBN, LIPF, TBL1X, LEFTY2, TPMT, BHLHE40, PRKG1, PSMD1, EGF, PTPN6, ODAM, SH2B3, VWF, IL6, CDC27, CALCA, CEBPB"
Digestive,Cholecystitis,"VIM, TBL1X, SRC, SERPINE1, RAD51, SMC3, F7, PSMD9, LEP, CD2AP, PNLIPRP2, GGT1, SULT1A1, CEACAM8, PLIN3, NAMPT, GFER, CDKN1A, APP, CEBPB, VAV3, TPMT, LMNB1, PGA4, BHLHE40"
Digestive,Cholelithiasis,"LEP, GSTA1, ITGB1, ITGA2, CHIT1, POLR2F, MMP3, CA6, VIM, CDH15, OCLN, PTPN6, RAD51, ITGA5, SHC1, CGA, NBN, COL2A1, FGF21, BHLHE40, KLK3, PDLIM5, FABP4, IGFBP1, TBL1X"
Digestive,Diaphragmatic_hernia,"PGA4, LMNB1, ENPP7, SNCA, EGF, IGFBP2, TFF1, SRC, FGF21, RNF5, TBL1X, COL2A1, IGFBP1, PDE5A, LEP, CES1, GFAP, ANXA2, TYMP, RANBP2, CALCA, THBS2, CD36, SMPD1, DOCK9"
Digestive,Diverticular_disease_of_intestine,"SRC, PSMD9, STAT5B, COL9A1, PNLIPRP2, CDKN1A, GAST, ELN, FURIN, COL2A1, ITGA2, SMAD2, LMNB1, PGA4, GCG, SULT1A1, DLL4, PTPN6, PRKAB1, LEP, FADD, PLCB2, COL4A1, CHIT1, TRIM25"
Digestive,Fatty_Liver,"GSTA1, SRC, PSMD9, IGFBP1, FGF21, LEP, GGT1, SHC1, CGA, TPMT, SERPINE1, PNLIPRP2, RAD51, GUSB, PSMA1, TPR, APOE, CA13, ACY1, PSMC3, AGXT, MLLT1, SFTPA2, MYH9, PFDN2"
Digestive,Gastritis_and_duodenitis,"GAST, SRC, CDKN1A, PSMD9, HBEGF, PNLIPRP2, FOXO3, CA9, PGA4, CA6, PLIN3, VWF, TBL1X, PTPN6, INPPL1, PARK7, PSCA, LYN, AKT2, APOE, VIM, CHIT1, RANBP2, FGF2, JCHAIN"
Digestive,Gastro_oesophageal_reflux_disease,"PGA4, GAST, VWF, TBL1X, TPMT, SERPINE1, PLCB2, SRC, INPPL1, LEP, NBN, LIPF, PTPN6, CA6, SNCA, TIMM8A, DCTN2, VAV3, HBEGF, VIM, PSME1, PNLIPRP2, IGFBP1, TP53BP1, POLR2A"
Digestive,Irritable_bowel_syndrome,"PNLIPRP2, PSMD1, TBL1X, PSMD9, NBN, LEP, GCG, CDKN1A, KLK3, STAT5B, BGN, SMAD2, PGA4, ATP5F1D, VWF, SFTPA2, ATP6V1G2, IGFBP1, COL4A1, SHC1, FLI1, TP53BP1, PSMD5, TNNI3, PSME1"
Digestive,Oesophagitis_and_oesophageal_ulcer,"TBL1X, VIM, FXN, SHC1, PSMD1, CHIT1, SMC3, SRC, PNLIPRP2, TPMT, COL2A1, SLC16A1, VAV3, SERPINE1, PGA4, POLR2A, SOD2, TOMM20, TNNI3, SAP18, FOXO3, MYL6B, CA6, PRKAB1, IMMT"
Digestive,Peptic_ulcer_disease,"PNLIPRP2, RAD51, NCK2, SERPINE1, BHLHE40, SAP18, SULT1A1, IGFBP1, TBL1X, CDKN1A, GP6, LMNB1, SRC, VIM, CASP3, VAV3, PGA4, HMOX1, PRKAB1, GUCY2C, APP, CHIT1, MYL6B, FGF21, NBN"
Ear,Hearing_loss,"SULT1A1, GFAP, SHC1, VPS37A, CHMP6, ITGA6, VWF, TPMT, SERPINE1, PRKAB1, FGF21, CHIT1, PSMD1, RAD51, KLK1, VAV3, PSMD9, ITGA2, GP1BB, DCTN2, F7, FKBP1B, LMNB1, CHCHD6, ATP5PO"
Endocrine,Diabetes_NOS,"SRC, HMOX1, VIM, IGFBP1, FGF21, ACY1, VPS37A, TBL1X, IL6, NCK2, APOE, RAD51, PNLIPRP2, CDH1, GFER, GRPEL1, LPL, TRDMT1, FGF23, SLC39A5, MFGE8, IGFBP3, SKAP2, STXBP1, CHIT1"
Endocrine,Diabetes_Type_II,"LPL, APOA4, PSMA1, IGFBP1, TBL1X, PNLIPRP2, LEP, CDH2, ITGB6, MATN3, VWF, COL5A1, POLR2F, SRC, NBN, PSMD9, PCSK9, SERPINE1, GSTA1, MVK, GCG, ITGA2, PSME2, FABP1, MYH9"
Endocrine,Hypo_or_hyperthyroidism,"TSHB, PNLIPRP2, LEP, CALCA, SRC, VIM, AKT2, PDCD1, KLK3, CES1, CDKN1A, ACY1, HMOX1, SERPINE1, FURIN, VAV3, GGT1, SMAD3, STK4, SMC3, EGF, UBE2L6, VWF, FOXO3, CEACAM8"
Endocrine,Hypothyroidism,"TSHB, LEP, TBL1X, PDCD1, CDKN1A, SERPINE1, MYH9, KLK3, CALCA, PSMD9, SMAD3, COL2A1, AKT2, CDH15, CES1, YES1, GSTA1, FABP1, LYN, PDLIM5, ATF2, ARID4B, GGT1, GUSB, FLI1"
Endocrine,Obesity,"LEP, SULT1A1, AFP, SCG3, IL6, FXN, CHGB, GGT1, COL4A1, CEACAM8, GSTA1, LMNB1, CALCA, PNLIPRP2, TBL1X, HSP90B1, GCG, VPS28, ITGB5, RNASE1, CHMP6, CA6, CA13, SIRT1, PSCA"
Eye,Cataract,"FABP1, GSTA1, VWF, AKT2, CTSH, VIM, FOXO3, PNLIPRP2, ITGA6, PSMA1, FGF2, NAMPT, TBL1X, PCNA, GP1BB, REN, BGN, GFAP, HRAS, SPON1, LMNB1, PPP2R5A, SERPINE1, APOL1, HGS"
Eye,Diabetic_ophthalmic_complications,"TBL1X, REN, GSTA1, GCG, CDH1, PLCB2, ITGA6, SERPINE1, LMNB1, FGF21, BHLHE40, SULT1A1, VIM, PSMD9, COL4A1, CDH15, APOA4, MYH9, GH1, SMAD2, CDKN1A, FABP4, INPPL1, APOE, COL1A1"
Eye,Glaucoma,"VIM, PNLIPRP2, LMNB1, TBL1X, VWF, CHIT1, COL2A1, PLIN3, PARK7, BHLHE40, PSMD9, MYH9, RAD51, MYL6B, RANBP2, FGF21, CEACAM8, COL4A1, TWF2, TOMM20, GGT1, PRKAB1, SRC, GFAP, SERPINE1"
Eye,Macular_degeneration,"LMNB1, SRC, PSMA1, PNLIPRP2, GFAP, LYN, RUVBL1, TBL1X, CDKN1A, RAD51, SERPINE1, CA6, FOXO3, NCK2, SIRPA, SAP18, ITGB1, CHIT1, CDC27, NPHS2, VIM, SULT1A1, CA9, MAP2K6, TPMT"
Eye,Retinal_detachments_and_breaks,"PNLIPRP2, TBL1X, HMOX1, MYH9, SERPINE1, VIM, ECI2, BHLHE40, SRC, NBN, STXBP1, SMAD2, NPHS2, STAT5B, PSMD9, GSTA1, PDE5A, SCP2, CHIT1, VPS37A, NCK2, TIMM8A, IMMT, AGXT, TRDMT1"
Genitourinary,Acute_Kidney_Injury,"COL4A1, MSR1, PSMD1, PNLIPRP2, REN, KLK3, GSTA1, COL2A1, POLR2F, CYB5A, VWF, PSME1, VIM, NAMPT, GGT1, LMNB1, ACY1, FASLG, TBL1X, ITGA6, SERPINE1, PSMD9, CTSH, CHIT1, GSTP1"
Genitourinary,Chronic_Kidney_Disease,"PNLIPRP2, VIM, REN, VWF, MMP7, SRC, SERPINE2, PTPN6, COL6A3, SMAD2, COL1A1, PSMD5, STAT5B, PGA4, IGFBP1, TRDMT1, SMC3, APP, GCG, STK4, YAP1, SHC1, LMNB1, PSME1, LEFTY2"
Genitourinary,Female_genital_prolapse_filtered,"FXN, PNLIPRP2, VPS37A, POLR2F, TBL1X, FKBP1B, GRPEL1, PARK7, VIM, STAT5B, CHMP6, TPMT, RAD51, PDE5A, RNF5, APP, ANXA2, SAP18, SULT1A1, TPR, CHIT1, SERPINE1, NAMPT, BAG6, ATP5F1D"
Genitourinary,Hyperplasia_of_prostate_filtered,"KLK3, LEP, CDKN1A, GFAP, VPS37A, CHRDL1, TBL1X, SRC, APOE, PPP2R5A, BHLHE40, KLK1, GP2, FASLG, CA3, PRKAB1, PSMD9, PSME2, FABP1, RHOC, CASP3, FURIN, CALCA, SHC1, TMEM132A"
Genitourinary,Menorrhagia_and_polymenorrhoea_filtered,"CGA, SRC, TBL1X, PRL, PNLIPRP2, MMP10, FGF23, POLR2F, RUVBL1, ELN, COL9A1, EPO, GGT1, SMC3, PSME2, MYH9, GFAP, TRDMT1, SFTPD, F7, CA3, GCG, SERPINE1, STXBP1, STK4"
Genitourinary,Obstructive_and_reflux_uropathy,"SRC, GSTA1, CDKN1A, PSMD9, FGF21, VIM, FOXO3, PNLIPRP2, VPS37A, TBL1X, FABP1, VWF, CEACAM8, GH2, KIF22, PTPN6, SAP18, RPA2, TWF2, HRAS, GH1, PCNA, ARID4B, STXBP1, PLIN3"
Genitourinary,Postmenopausal_bleeding_filtered,"TBL1X, VWF, CHIT1, VIM, PTPN6, CDKN1A, SFTPA2, MYH9, TPMT, PARK7, NBN, LMNB1, ITGB1, COL9A1, COL2A1, PRKAB1, RAD51, PSMD9, HRAS, GUCY2C, ITGA2, HGS, LYN, NCK2, OGT"
Genitourinary,Urinary_Incontinence,"LEP, TBL1X, BHLHE40, KLK3, APP, NAMPT, NID2, CALCA, PLCB2, TOMM20, GGT1, SHC1, TPMT, MMP3, RPA2, CEACAM8, PSMD1, SERPINE1, NPHS2, PNLIPRP2, TIMM8A, LMNB1, F7, PSMD9, INPPL1"
Genitourinary,Urolithiasis,"TBL1X, PNLIPRP2, VIM, SERPINE1, SRC, BHLHE40, FGF21, MYH9, RAD51, VWF, IGFBP1, CDC27, KLK3, SMC3, PSMD1, HSPA2, GSTA1, LPL, HRAS, CDH15, CASP3, NPHS2, PSMD9, AGXT, CGA"
Haematological_or_immunological,Agranulocytosis,"VIM, LMNB1, PSMD1, PSMA1, RUVBL1, TBL1X, HSPA2, VWF, SMC3, MYH9, HBEGF, CHIT1, CA14, PTPN6, POLR2F, PNLIP, STK4, SDC4, SMAD2, SHC1, NBN, ATF2, FGF21, LEP, CEACAM6"
Haematological_or_immunological,Iron_deficiency_anaemia,"GAST, FGF23, TFRC, PNLIPRP2, HMOX1, VWF, EIF4G1, PSMD9, FABP1, TP53BP1, STAT5B, PSME1, EPO, SMAD3, LATS1, AKT2, TPR, SERPINE1, PDLIM5, IGFBP1, GPC5, PSMD5, GSTA1, HRAS, EREG"
Haematological_or_immunological,Other_anaemias,"HBEGF, EPO, LMNB1, GSTA1, TBL1X, SERPINE1, IGFBP1, VIM, COL4A1, FGF23, VAV3, EREG, HMOX1, PTPN6, PNLIPRP2, SKAP2, TNFRSF10A, PSMD5, REN, GAST, KLK3, CHIT1, EP300, NBN, YAP1"
Haematological_or_immunological,Secondary_or_other_Thrombocytopaenia,"LMNB1, SDC4, BGN, GRPEL1, FGF2, PSMD9, COL5A1, TBL1X, TPR, CDC27, CASP3, TOMM20, ATP6V1F, FKBP1B, VIM, AGXT, PPP2R5A, PSMD5, PARK7, GSTA1, GH2, TPMT, VWF, APP, TERF1"
Infections,Bacterial_Diseases,"TBL1X, FGF21, LYN, GSTA1, COL4A1, MYH9, SDC4, PNLIPRP2, FOXO3, GSTP1, VIM, ACY1, NBN, FABP1, COL1A1, PSMD9, STAT5B, IGFBP1, COL2A1, GGT1, ITGA6, SNCA, CA6, HRAS, GCG"
Infections,Ear_and_Upper_Respiratory_Tract_Infections,"PNLIPRP2, MYH9, TBL1X, SFTPD, SRC, MMP10, SCP2, LEP, PLIN3, TPR, COL2A1, TWF2, AKT2, FOXO3, ITGA6, PSMC3, SFTPA2, SMAD2, CSF2RA, IGFBP1, GSTA1, CABP2, GCG, CHIT1, HRAS"
Infections,Infection_of_skin_and_subcutaneous_tissues,"NBN, CDKN1A, LMNB1, PNLIPRP2, IL6, PSMD1, COL4A1, SFTPD, TBL1X, GSTA1, FGF21, PSME1, VIM, SCP2, PDE5A, VPS28, PSMD9, INPPL1, CDC27, COL9A1, BHLHE40, MMP9, CHCHD10, HMOX1, COL2A1"
Infections,Infections_of_the_digestive_system,"VIM, COL4A1, COL2A1, PGA4, FGF21, PNLIP, VWF, FOXO3, IGFBP1, FABP1, TBL1X, AKT2, APP, KIF22, LEP, FLI1, PNLIPRP2, LYN, CEACAM6, TWF2, APOA2, SFTPD, LMNB1, PARK7, PDLIM5"
Infections,Lower_Respiratory_Tract_Infections,"TBL1X, VIM, SFTPD, PSMD1, IL6, PNLIPRP2, SRC, LMNB1, CDKN1A, CEACAM6, NBN, PNLIP, COL4A1, PARK7, DCTN2, TPMT, VAV3, SKAP2, PSMD5, PSMA1, STAT5B, SMAD3, HBEGF, SNCA, GH1"
Infections,Mycoses,"CEACAM6, SRC, LYN, VIM, PNLIPRP2, TBL1X, LEP, GSTA1, CDKN1A, CHIT1, SERPINE1, PTPN6, FURIN, PSMD1, CDC26, SLC16A1, PARK7, STAT5B, TERF1, TNNI3, FGF21, TPR, ITGA2, RAD51, NID2"
Infections,Septicaemia,"FGF2, PNLIPRP2, GSTA1, LEP, COL4A1, PTPN6, APP, EPO, CEACAM8, COL1A1, SPARC, VPS37A, SAP18, BMP4, CEACAM6, LYN, ATF2, LTBP2, SPP1, SLC16A1, CDKN1A, GFAP, IL6, GGT1, SIRT1"
Infections,Urinary_Tract_Infections,"GFAP, CDKN1A, SERPINE1, VIM, COL4A1, PNLIPRP2, SHC1, FOXO3, RUVBL1, COL2A1, JCHAIN, LEP, LYN, CA6, CDH2, POLR2F, PSMD5, VPS37A, PSME2, TBL1X, AKT2, ITGAV, SRC, PGA4, COL9A1"
Infections,Viral_diseases,"TBL1X, NBN, PNLIPRP2, NAMPT, RPA2, VIM, GSTA1, LYN, PXN, BHLHE40, LMNB1, PSMD1, PARK7, SRC, NCK2, CASP4, SMC3, FGF21, F7, PDLIM5, ATF2, GFER, VWF, PDE5A, CHIT1"
Musculoskeletal,Carpal_tunnel_syndrome,"PSMD1, SULT1A1, PSMD5, TBL1X, SRC, PNLIPRP2, SERPINE1, TOMM20, LEP, PSMD9, FGF21, HMOX1, IGFBP1, GUSB, CDC27, NBN, CHIT1, MSR1, LMNB1, KLK3, SFTPD, GSTA1, YAP1, VIM, PSME2"
Musculoskeletal,Enthesopathies_and_synovial_disorders,"LMNB1, SRC, TBL1X, SERPINE1, GSTA1, SMC3, MYH9, PNLIPRP2, VIM, SULT1A1, NBN, HSPA2, PSME2, PSME1, PTPN6, VPS37A, BHLHE40, VPS28, CHIT1, SMAD3, PDE5A, RAD51, PNLIPRP1, ANXA2, ITGB5"
Musculoskeletal,Fracture_of_hip,"VIM, PSMA1, PNLIPRP2, TRIM25, LYN, SRC, SERPINE1, NBN, TBL1X, VWF, MYH9, CHIT1, PTPN6, ATF2, TPR, APP, PDLIM5, TP53BP1, GP6, HMOX1, TOMM20, COL4A1, SMC3, SAP18, FKBP1B"
Musculoskeletal,Fracture_of_wrist,"CGA, PSMA1, PSMD1, KLK3, STAT5B, APOE, PSME1, SMAD2, APOA2, LEP, PNLIPRP2, GUSB, CA6, LPL, SRC, NBN, GSTP1, ATP6V1G2, AKT2, CASP3, SULT1A1, RAD51, CEACAM8, HRAS, ATP6V1G1"
Musculoskeletal,Gout,"KLK3, SHC1, FGF2, GGT1, CDKN1A, FGF21, LYN, HRAS, SRC, PSMD9, ACY1, VIM, FN1, PNLIPRP2, SERPINE1, TBL1X, SULT1A1, MYH9, GP1BB, ITGA2, DKK1, FABP1, COL6A3, ITGB1, ITGA6"
Musculoskeletal,Intervertebral_disc_disorders,"PNLIPRP2, VIM, SMC3, SULT1A1, RAD51, TBL1X, HMOX1, SKAP2, PLIN3, SRC, GGT1, PRKAB1, SERPINE1, PDE5A, FGF21, GFAP, CDC26, FXN, VAV3, PDLIM5, PSMD9, SCP2, CD2AP, IGFBP1, FOXO3"
Musculoskeletal,Osteoarthritis,"COL9A1, LEP, SRC, CDKN1A, LYN, SMAD3, PSMD1, PNLIPRP2, CD3G, PSMD9, CEBPB, HHEX, TBL1X, LEFTY2, VWF, PSMC3, PGA4, FOXO3, IGFBP1, JUN, AKT3, OCLN, VIM, COL1A1, SMAD2"
Musculoskeletal,Osteoporosis,"SOST, COL1A1, STAT5B, COL9A1, CEACAM8, PSME2, COL4A1, CEACAM6, LEP, KLK3, PPP2R5A, LYN, CGA, PNLIPRP2, CASP3, PSMA1, SNCA, STK4, SFTPD, ELN, MRPL58, AKT2, TBL1X, PRKAB1, SMAD1"
Musculoskeletal,Polymyalgia_Rheumatica,"SERPINE1, APP, PNLIPRP2, SRC, GGT1, SMC3, VIM, TBL1X, PSMD9, NPHS2, GSTA1, VPS37A, PSMD1, MYL6B, LMNB1, PSME2, PSMD5, BGN, STAT5B, RNF5, MAP2K6, PSME1, CHIT1, CD2AP, TPRKB"
Musculoskeletal,Rheumatoid_Arthritis,"S100A12, CDC27, GH1, AKT2, CDC26, PARK7, CASP4, GRAP2, BHLHE40, IL6, CTSH, RUVBL1, SFTPD, SMC3, PSMD9, APP, PTPN6, CA6, INPP5D, MAP2K6, COL2A1, SERPINE1, KIF22, HSBP1, TRIM21"
Musculoskeletal,Spinal_stenosis,"SRC, TBL1X, CDKN1A, PSMD9, APP, GRAP2, SERPINE1, MYL3, TRIM25, PNLIPRP2, LYN, KIF22, GP1BB, VIM, POLR2F, COL1A1, COL4A1, VAMP8, PDE5A, BGN, RPA2, COPE, COL9A1, LEP, EHD3"
Musculoskeletal,Spondylosis,"PNLIPRP2, TBL1X, LMNB1, NCK2, SKAP2, HSPA2, SMAD3, TIMM8A, SULT1A1, VIM, NAMPT, PSMD1, PARK7, SERPINE1, FLI1, BHLHE40, CASP3, POLR2A, LEP, CA6, RNF5, GP6, PDE5A, SMAD2, CDKN1A"
Neurological,Migraine,"FOXO3, SMC3, CDKN1A, TBL1X, CDH15, PNLIPRP2, MAP2K6, NPHS2, COL4A1, LEP, DLG4, AKT2, F7, SMAD2, ARID4B, DKK1, NBN, CDC27, LMNB1, VAV3, BHLHE40, SERPINE1, VIM, ATF2, PSMD1"
Neurological,Motor_neuron_disease,"TBL1X, TERF1, NBN, PNLIPRP2, LMNB1, HSPA2, SERPINE1, NAMPT, VIM, PSMD1, VAV3, PSMA1, BGN, SRC, VWF, ACTN2, TPR, COL4A1, TRIM25, SFTPA2, EP300, PSMD9, CEACAM8, FOXO3, BHLHE40"
Neurological,Postviral_fatigue_syndrome_neurasthenia_and_fibromyalgia,"LEP, NUP50, PSMD9, PNLIPRP2, F7, PSMD1, RUVBL1, VIM, TBL1X, SHC1, CA6, TOMM20, KLK3, SFTPA1, MNAT1, CGA, FGF2, SMC3, ACY1, TNNI3, GSTA1, NPHS2, BGN, CEACAM8, CDKN1A"
Psychiatric,Alcohol_Problems,"FGF21, RUVBL1, SRC, PNLIPRP2, SERPINE1, GGT1, STAT5B, ATF2, COL9A1, VIM, ITGA6, COL1A1, HMOX1, SFTPD, CDH1, SCP2, PSMD9, LMNB1, HSPA2, ATP6V1F, APOA4, TPRKB, GRPEL1, VAV3, GSTA1"
Psychiatric,Anxiety_disorders,"PNLIPRP2, SULT1A1, TBL1X, SRC, KLK3, GSTA1, GFER, SERPINB8, TWF2, KIF22, RAD51, PPP2R5A, GP1BB, SERPINE1, FOXO3, LYN, MSR1, PSME2, SCP2, SNAP25, VIM, RANBP2, PLCB2, LMNB1, TERF1"
Psychiatric,Delirium_not_induced_by_alcohol_and_other_psychoactive_substances,"TBL1X, GFAP, APOE, COL4A1, NBN, PNLIPRP2, CDC27, PSME2, SRC, VIM, BHLHE40, MYH9, TNNI3, PLIN3, CHIT1, FGF21, RPA2, FOXO3, MYL3, PRKAB1, CHMP6, PSMA1, ITGA6, MYL6B, ITGA2"
Psychiatric,Dementia,"GFAP, NEFL, APOE, PNLIPRP2, TBL1X, DLG4, PARK7, SAP18, CEACAM8, GGT1, SRC, VGF, CHMP6, MYH9, GCG, BCAN, VIM, CTSH, LMNB1, PSMD9, APOA2, TP53BP1, NBN, SERPINE1, PLIN3"
Psychiatric,Depression,"VIM, PDLIM5, FLI1, PSMD9, CDKN1A, SULT1A1, PNLIPRP2, YAP1, VAV3, STXBP1, DLG4, SRC, NAMPT, KLK3, SCP2, POLR2F, IMMT, SMC3, LEP, TPR, TBL1X, PNLIPRP1, TPMT, PLIN3, CAT"
Respiratory,Allergic_and_chronic_rhinitis,"SRC, SULT1A1, PNLIPRP2, TRDMT1, SERPINE1, CHMP6, NBN, HSPA2, TBL1X, PTPN6, ATF2, PSMD1, RAD51, VIM, VPS28, SKAP2, GSTA1, PSMD9, SFTPD, LMNB1, F7, CHIT1, FXN, CDC27, STK4"
Respiratory,Asthma,"LYN, LEP, RNASE3, ENO1, FGF21, PRG3, PTPN6, MMP10, POLR2F, VIM, CA6, POMC, PRG2, LTA4H, LEFTY2, TBL1X, OLFM4, PSMD9, NCF2, SMAD2, SULT1A1, PLCB2, FGF2, PNLIP, YARS1"
Respiratory,Bronchiectasis,"SFTPD, CHIT1, POLR2F, GH1, TOMM20, TBL1X, GFER, CEACAM6, MSR1, PNLIPRP2, GSTA1, IL6, COL1A1, MYH9, SERPINE1, TRAF2, GUCY2C, COL2A1, SMAD2, VIM, CTSH, PSMA1, NAMPT, MSLN, MMP10"
Respiratory,COPD,"PSMD5, CEACAM6, SFTPD, LYN, TNR, CA6, PGA4, COL2A1, ITGA2, SFTPA2, OCLN, ODAM, LEP, VAV3, COL4A1, TBL1X, FGA, ITGA5, MSLN, VIM, FGF2, LTBP2, CDH15, PNLIPRP2, PSMD9"
Respiratory,Pleural_effusion,"FGF21, FGF2, SFTPD, CHIT1, COL4A1, NBN, ITGA6, MMP7, CEACAM6, IL6, SRC, PSMD5, SFTPA2, GH1, COL1A1, SDC4, TNNI3, CDC26, PNLIPRP2, VIM, CSF2RA, GSTA1, CALCA, TRIM25, CDKN1A"
Respiratory,Pulmonary_collapse,"VWF, CDKN1A, FXN, CHIT1, NBN, VIM, F7, GRPEL1, PCNA, COL2A1, PNLIPRP2, PSMA1, PRKAB1, APOL1, GSTA1, LAMA1, MSR1, TERF1, RPA2, PLAT, MYL6B, TBL1X, PSME2, POLR2F, HMOX1"
Respiratory,Respiratory_failure,"CTSH, TBL1X, CEACAM8, SFTPD, IGFBP1, VWF, SRC, NAMPT, MYH9, GSTA1, CHIT1, VIM, GH1, OCLN, CALCA, PSMD9, CEACAM6, ITGA6, CDKN1A, CA6, PGA4, ITGA2, AGXT, SULT1A1, PNLIPRP2"
Respiratory,Sleep_apnoea,"TBL1X, SMAD2, PNLIPRP2, PDE5A, ACY1, CHIT1, CA13, ACTN2, GSTA1, PSMD9, PTPN6, SERPINE1, FOXO3, MYH9, SULT1A1, ANXA2, DLG4, POLR2F, FGF2, MAP2K6, GRIN2B, STXBP1, GUK1, TRDMT1, PSME1"
Skin,Actinic_keratosis,"TBL1X, VWF, NPHS2, LMNB1, SRC, VIM, PNLIPRP2, MYH9, LYN, CHIT1, NBN, PDLIM5, STAT5B, VPS28, VAV3, PSMD5, FOXO3, COL4A1, SMC3, CEACAM8, APOL1, ATF2, NCK2, FGF21, PSMD9"
Skin,Dermatitis,"CASP4, POLR2F, GSTA1, ITGA6, PNLIPRP2, SFTPD, VWF, NBN, TP53, PLIN3, MYH9, VIM, FGF2, TBL1X, KIF22, PSMD9, CDH2, CASP3, MLLT1, RAB11FIP3, SHC1, APP, CA6, PSCA, IL6"
Skin,Psoriasis,"IL19, PNLIPRP2, TBL1X, STAT5B, SRC, PSMA1, CDC27, PSMD9, VIM, LMNB1, GSTA1, TP53BP1, TPR, CDKN1A, NBN, YES1, DNM1, CDC26, MYH9, CASP3, RAD51, PSMD1, SULT1A1, EGF, CASP4"
