Category,Disease,Ranked_lifestyles
Benign_neoplasm_or_Carcinoma_in_situ,Benign_neoplasm_and_polyp_of_uterus_filtered,"Time spent outdoors in winter, Days/week of vigorous physical activity, Mobile use vs 2yrs: No, Insomnia: Usually, Time spent driving, Duration of walks, Tea intake, Hair colour: Light brown, Non-oily fish: 1/week, Days/week of walk 10+ mins, Stair climbing: 6-10 times, Beef: 1/week, Walking pace: Steady/average, Skin colour: Fair, Sleep duration, Fresh fruit intake, Pork: <1/week, Salt added: Never/rarely, Time spent outdoors in summer, Processed meat: <1/week, Non-oily fish: 2-4/week, Time spent watching TV, Insomnia: Sometimes, Sun protection: Most times, Mobile freq: 5-29 mins"
Benign_neoplasm_or_Carcinoma_in_situ,Benign_neoplasm_of_colon_rectum_anus_and_anal_canal,"Time spent outdoors in summer, Cereal intake, Time spent watching TV, Past smoking: Most/all days, Oily fish: <1/week, Smoking: Never, Walking pace: Brisk, Processed meat: 1/week, Daytime nap: Sometimes, Daytime dozing: Never/rarely, Alcohol: Daily, Age first had sexual intercourse, Daytime nap: Never/rarely, Fresh fruit intake, Hot drink temp: Hot, Time spent driving, Coffee intake, Alcohol: 1-2/week, Drive faster than limit: Never/rarely, Hair colour: Dark brown, Days/week of walk 10+ mins, Water intake, Days/week of vigorous physical activity, Sun protection: Most times, Cheese: 1/week"
Benign_neoplasm_or_Carcinoma_in_situ,Leiomyoma_of_uterus_filtered,"Time spent using computer, Insomnia: Usually, Lamb/mutton: <1/week, Time spent outdoors in summer, Skin colour: Fair, Mobile hand: Left, Pork: 1/week, Days/week of walk 10+ mins, Processed meat: <1/week, Time spent outdoors in winter, Hair colour: Light brown, Tea intake, Sleep duration, Non-oily fish: 1/week, Cheese: 1/week, Cereal intake, Insomnia: Never/rarely, Mobile freq: 30-59 mins, Milk: Semi-skimmed, Pork: <1/week, Bread intake, Bread: Wholemeal, Facial ageing: Younger than you are, Cooked vegetable intake, Time spent driving"
Cancers,Primary_Malignancy_Breast,"Time spent outdoors in winter, Time spent using computer, Time spent watching TV, Mobile use: More than eight years, Tea intake, Time spent outdoors in summer, Lamb/mutton: <1/week, Days/week of walk 10+ mins, Coffee intake, Ever smoked: No, Salt added: Never/rarely, Fresh fruit intake, Days/week of vigorous physical activity, Sleep duration, Bread intake, Cereal intake, Past smoking: Most/all days, Days/week of moderate physical activity, Hair colour: Dark brown, Bread: Wholemeal, Mobile freq: 5-29 mins, Mobile use: Two to four years, Hands-free use: Never or almost never, Cooked vegetable intake, Snoring: Yes"
Cancers,Primary_Malignancy_Lung_and_trachea,"Smoking: Never, Days/week of moderate physical activity, Bread intake, Bread: Wholemeal, Past smoking: Never, Days/week of vigorous physical activity, Poultry: 2-4/week, Past smoking: Occasional, Ever smoked: No, Walking pace: Brisk, Alcohol vs 10yrs ago: Less now, Chronotype: More morning, Time spent watching TV, Hands-free use: Never or almost never, Past smoking: Tried once/twice, Facial ageing: Younger than you are, Smokers in household: No, Alcohol vs 10yrs ago: About the same, Salt added: Never/rarely, Mother: High blood pressure, Tea intake, Smoking: Current, Cheese: 2-4/week, Beef: <1/week, Salt added: Sometimes"
Cancers,Primary_Malignancy_Other_Skin_and_subcutaneous_tissue,"Cereal intake, Time spent outdoors in summer, Mother: High blood pressure, Alcohol: Special occasions, Days/week of vigorous physical activity, Ethnicity, Diet change: No, Time spent outdoors in winter, Water intake, Get up: Very easy, Beef: 1/week, Days/week of walk 10+ mins, Skin colour: Fair, Skin colour: Light olive, Diet variation: Sometimes, Sun protection: Most times, Age first had sexual intercourse, Pork: 1/week, Beef: <1/week, Pork: Never, Sun protection: Rarely, Cooked vegetable intake, Alcohol: Daily, Insomnia: Sometimes, Sun protection: Always"
Cancers,Primary_Malignancy_Prostate_filtered,"Time spent watching TV, Coffee intake, Cooked vegetable intake, Bread: White, Oily fish: 1/week, Processed meat: 2-4/week, Days/week of vigorous physical activity, Pork: 1/week, Snoring: No, Insomnia: Usually, Bread: Wholemeal, Cereal intake, Mobile use: Five to eight years, Insomnia: Never/rarely, Raw vegetable intake, Oily fish: <1/week, Past smoking: Never, Fresh fruit intake, Daytime dozing: Never/rarely, Days/week of walk 10+ mins, Ever smoked: No, Time spent outdoors in summer, Days/week of moderate physical activity, Hair colour: Dark brown, Drive faster: Sometimes"
Cancers,Primary_Malignancy_colorectal_and_anus,"Poultry: 2-4/week, Poultry: 1/week, Get up: Very easy, Time spent driving, Days/week of walk 10+ mins, Water intake, Duration of walks, Mobile hand: Right, Sleep duration, Hair colour: Dark brown, Dried fruit intake, Cooked vegetable intake, Oily fish: <1/week, Days/week of vigorous physical activity, Daytime nap: Sometimes, Age first had sexual intercourse, Bread intake, Non-oily fish: <1/week, Time spent outdoors in summer, Skin tanning: Get moderately tanned, Alcohol vs 10yrs ago: Less now, Non-oily fish: 1/week, Days/week of moderate physical activity, Pork: <1/week, Cereal intake"
Cancers,Secondary_Malignancy_Bone,"Time spent watching TV, Smoking: Never, Days/week of vigorous physical activity, Ever smoked: No, Water intake, Time spent outdoors in summer, Mobile use vs 2yrs: More now, Days/week of moderate physical activity, Pork: <1/week, Coffee intake, Days/week of walk 10+ mins, Tea intake, Past smoking: Never, Time spent driving, Time spent outdoors in winter, Get up: Fairly easy, Diet variation: Sometimes, Father: Heart disease, Mobile use: More than eight years, Alcohol vs 10yrs ago: About the same, Ever smoked: Yes, Raw vegetable intake, Alcohol vs 10yrs ago: Less now, Diet change: Yes (other), Walking pace: Brisk"
Cancers,Secondary_Malignancy_Lung,"Dried fruit intake, Insomnia: Sometimes, Smoking: Never, Drive faster than limit: Never/rarely, Daytime nap: Never/rarely, Facial ageing: Younger than you are, Bread: Wholemeal, Days/week of moderate physical activity, Walking pace: Steady/average, Snoring: Yes, Water intake, Father: Heart disease, Time spent using computer, Days/week of vigorous physical activity, Daytime nap: Sometimes, Mobile use vs 2yrs: No, Hot drink temp: Hot, Insomnia: Never/rarely, Time spent outdoors in summer, Salt added: Sometimes, Beef: 1/week, Diet change: No, Past smoking: Tried once/twice, Mobile use vs 2yrs: More now, Time spent watching TV"
Cancers,Secondary_Malignancy_Lymph_Nodes,"Time spent outdoors in summer, Time spent watching TV, Days/week of walk 10+ mins, Ever smoked: No, Ever smoked: Yes, Days/week of moderate physical activity, Walking pace: Brisk, Bread intake, Past smoking: Never, Raw vegetable intake, Cereal intake, Time spent using computer, Days/week of vigorous physical activity, Cooked vegetable intake, Skin tanning: Get moderately tanned, Time spent driving, Water intake, Salt added: Never/rarely, Pork: 1/week, Mother: High blood pressure, Walking pace: Steady/average, Hair colour: Dark brown, Smoking: Never, Mobile use vs 2yrs: No, Mobile use: More than eight years"
Cancers,Secondary_Malignancy_Other_organs,"Water intake, Pork: <1/week, Tea intake, Oily fish: <1/week, Past smoking: Most/all days, Bread intake, Mobile use vs 2yrs: No, Days/week of moderate physical activity, Smoking: Never, Coffee intake, Sleep duration, Mother: High blood pressure, Lamb/mutton: <1/week, Oily fish: 1/week, Time spent watching TV, Drive faster: Sometimes, Past smoking: Never, Non-oily fish: <1/week, Alcohol vs 10yrs ago: Less now, Time spent outdoors in summer, Mobile use: Five to eight years, Stair climbing: 6-10 times, Insomnia: Usually, Mobile hand: Left, Days/week of vigorous physical activity"
Cancers,Secondary_Malignancy_retroperitoneum_and_peritoneum,"Sleep duration, Poultry: 2-4/week, Time spent watching TV, Days/week of vigorous physical activity, Time spent using computer, Mobile use: More than eight years, Salt added: Never/rarely, Coffee intake, Water intake, Time spent outdoors in winter, Bread intake, Processed meat: <1/week, Alcohol vs 10yrs ago: Less now, Cereal intake, Fresh fruit intake, Chronotype: More evening, Ethnicity, Time spent outdoors in summer, Diet change: No, Time spent driving, Snoring: Yes, Mobile use: Five to eight years, Ever smoked: Yes, Hair colour: Light brown, Days/week of moderate physical activity"
Cancers,Secondary_malignancy_Liver_and_intrahepatic_bile_duct,"Cereal intake, Smoking: Never, Oily fish: <1/week, Stair climbing: 1-5 times, Time spent outdoors in summer, Alcohol vs 10yrs ago: Less now, Poultry: 2-4/week, Past smoking: Tried once/twice, Daytime dozing: Never/rarely, Time spent outdoors in winter, Father: Heart disease, Hot drink temp: Very hot, Diet variation: Sometimes, Pork: Never, Water intake, Dried fruit intake, Daytime nap: Never/rarely, Bread intake, Fresh fruit intake, Time spent driving, Raw vegetable intake, Days/week of moderate physical activity, Diet change: No, Mother: High blood pressure, Walking pace: Steady/average"
Cardiovascular,Atrial_fibrillation,"Days/week of moderate physical activity, Smoking: Never, Daytime nap: Never/rarely, Time spent driving, Lamb/mutton: <1/week, Insomnia: Usually, Water intake, Mother: Heart disease, Days/week of walk 10+ mins, Cooked vegetable intake, Ethnicity, Time spent using computer, Oily fish: <1/week, Walking pace: Brisk, Beef: <1/week, Alcohol vs 10yrs ago: Less now, Mobile hand: Right, Tea intake, Past smoking: Most/all days, Skin tanning: Get very tanned, Stair climbing: 6-10 times, Bread intake, Diet variation: Never/rarely, Non-oily fish: <1/week, Father: Heart disease"
Cardiovascular,Coronary_heart_disease_not_otherwise_specified,"Father: Heart disease, Tea intake, Mother: Heart disease, Walking pace: Brisk, Diet change: No, Spread: Butter, Days/week of walk 10+ mins, Cheese: 2-4/week, Diet change: Yes (other), Stair climbing: 6-10 times, Cooked vegetable intake, Time spent outdoors in summer, Daytime dozing: Never/rarely, Processed meat: <1/week, Diet change: Yes (illness), Time spent outdoors in winter, Lamb/mutton: <1/week, Smoking: Previous, Walking pace: Slow, Processed meat: 1/week, Bread: White, Mobile hand: Right, Hair colour: Light brown, Past smoking: Most/all days, Walking pace: Steady/average"
Cardiovascular,Heart_failure,"Walking pace: Brisk, Time spent outdoors in winter, Time spent watching TV, Time spent outdoors in summer, Smoking: Never, Beef: <1/week, Alcohol: 1-2/week, Skin tanning: Get moderately tanned, Get up: Fairly easy, Days/week of walk 10+ mins, Mobile use vs 2yrs: More now, Father: Heart disease, Processed meat: <1/week, Bread intake, Stair climbing: 1-5 times, Stair climbing: 6-10 times, Past smoking: Never, Cooked vegetable intake, Processed meat: 2-4/week, Mother: Heart disease, Cereal intake, Coffee intake, Facial ageing: Younger than you are, Insomnia: Usually, Days/week of moderate physical activity"
Cardiovascular,Hypertension,"Mother: High blood pressure, Father: High blood pressure, Walking pace: Brisk, Mother: Heart disease, Father: Heart disease, Diet change: No, Insomnia: Usually, Salt added: Never/rarely, Fresh fruit intake, Father: Stroke, Cheese: <1/week, Smoking: Previous, Cereal intake, Sleep duration, Days/week of vigorous physical activity, Days/week of moderate physical activity, Cereal: Muesli, Diet change: Yes (illness), Raw vegetable intake, Time spent outdoors in summer, Duration of walks, Hair colour: Dark brown, Oily fish: 2-4/week, Time spent watching TV, Salt added: Usually"
Cardiovascular,Ischaemic_stroke,"Hot drink temp: Hot, Days/week of walk 10+ mins, Time spent outdoors in winter, Walking pace: Brisk, Diet change: No, Bread intake, Spread: Butter, Sun protection: Most times, Father: Heart disease, Milk: Skimmed, Age first had sexual intercourse, Cereal intake, Water intake, Days/week of vigorous physical activity, Alcohol vs 10yrs ago: Less now, Mobile freq: 30-59 mins, Cheese: 2-4/week, Beef: 1/week, Cereal: Bran flakes, Mobile use: More than eight years, Spread: Never, Spread: Other margarine, Snoring: No, Alcohol vs 10yrs ago: About the same, Cooked vegetable intake"
Cardiovascular,Left_bundle_branch_block,"Days/week of moderate physical activity, Alcohol vs 10yrs ago: About the same, Time spent watching TV, Time spent outdoors in summer, Walking pace: Brisk, Ever smoked: No, Walking pace: Steady/average, Smoking: Previous, Raw vegetable intake, Time spent using computer, Past smoking: Never, Ever smoked: Yes, Cereal intake, Duration of walks, Get up: Very easy, Bread: Wholemeal, Sleep duration, Fresh fruit intake, Cooked vegetable intake, Chronotype: More evening, Stair climbing: 1-5 times, Daytime nap: Never/rarely, Spread: Other margarine, Get up: Fairly easy, Alcohol: 3-4/week"
Cardiovascular,Multiple_valve_dz,"Time spent outdoors in summer, Tea intake, Days/week of moderate physical activity, Days/week of walk 10+ mins, Time spent using computer, Hands-free use: Never or almost never, Water intake, Time spent driving, Stair climbing: 6-10 times, Smoking: Never, Sleep duration, Alcohol vs 10yrs ago: About the same, Mobile use: More than eight years, Spread: Butter, Time spent watching TV, Walking pace: Brisk, Lamb/mutton: <1/week, Diet change: No, Mother: High blood pressure, Father: High blood pressure, Cereal: Muesli, Sun protection: Most times, Cereal intake, Mobile use vs 2yrs: More now, Ever smoked: No"
Cardiovascular,Myocardial_infarction,"Time spent outdoors in summer, Tea intake, Alcohol vs 10yrs ago: Less now, Ever smoked: No, Time spent using computer, Age first had sexual intercourse, Time spent watching TV, Beef: <1/week, Mobile use: More than eight years, Bread: Wholemeal, Cereal intake, Days/week of vigorous physical activity, Past smoking: Never, Water intake, Days/week of moderate physical activity, Hair colour: Dark brown, Time spent outdoors in winter, Poultry: 2-4/week, Snoring: Yes, Days/week of walk 10+ mins, Walking pace: Brisk, Smoking: Previous, Skin tanning: Get moderately tanned, Mobile use vs 2yrs: No, Hot drink temp: Hot"
Cardiovascular,Nonrheumatic_aortic_valve_disorders,"Coffee intake, Time spent outdoors in summer, Bread intake, Cereal intake, Days/week of moderate physical activity, Time spent watching TV, Walking pace: Brisk, Insomnia: Sometimes, Duration of walks, Sun protection: Most times, Time spent outdoors in winter, Processed meat: <1/week, Pork: Never, Raw vegetable intake, Ever smoked: No, Days/week of walk 10+ mins, Age first had sexual intercourse, Water intake, Smoking: Previous, Days/week of vigorous physical activity, Diet variation: Sometimes, Oily fish: <1/week, Sleep duration, Snoring: Yes, Mobile use: Five to eight years"
Cardiovascular,Nonrheumatic_mitral_valve_disorders,"Days/week of moderate physical activity, Sun protection: Sometimes, Sleep duration, Mobile hand: Left, Walking pace: Brisk, Days/week of walk 10+ mins, Mobile use: More than eight years, Tea intake, Mother: Stroke, Cereal intake, Age first had sexual intercourse, Past smoking: Never, Time spent outdoors in summer, Duration of walks, Bread: Wholemeal, Water intake, Cheese: 2-4/week, Bread intake, Hair colour: Dark brown, Coffee intake, Diet change: Yes (other), Days/week of vigorous physical activity, Time spent driving, Alcohol: 1-2/week, Poultry: 1/week"
Cardiovascular,Peripheral_arterial_disease,"Walking pace: Brisk, Age first had sexual intercourse, Walking pace: Steady/average, Time spent using computer, Walking pace: Slow, Diet change: No, Past smoking: Occasional, Days/week of vigorous physical activity, Coffee intake, Insomnia: Sometimes, Smoking: Never, Diet change: Yes (illness), Alcohol vs 10yrs ago: More now, Time spent outdoors in summer, Poultry: 2-4/week, Pork: <1/week, Father: Heart disease, Days/week of moderate physical activity, Cereal intake, Drive faster: Sometimes, Cereal: Oat (Porridge), Non-oily fish: 1/week, Past smoking: Never, Ever smoked: No, Tea intake"
Cardiovascular,Primary_pulmonary_hypertension,"Walking pace: Brisk, Time spent outdoors in summer, Facial ageing: Younger than you are, Insomnia: Sometimes, Chronotype: More evening, Poultry: 2-4/week, Mother: High blood pressure, Days/week of moderate physical activity, Salt added: Never/rarely, Duration of walks, Cooked vegetable intake, Mobile use: More than eight years, Coffee intake, Bread intake, Drive faster than limit: Never/rarely, Diet variation: Never/rarely, Bread: Wholemeal, Days/week of walk 10+ mins, Time spent outdoors in winter, Alcohol vs 10yrs ago: Less now, Insomnia: Usually, Milk: Semi-skimmed, Skin colour: Fair, Sleep duration, Days/week of vigorous physical activity"
Cardiovascular,Pulmonary_embolism,"Cereal intake, Coffee intake, Days/week of walk 10+ mins, Age first had sexual intercourse, Drive faster than limit: Never/rarely, Salt added: Never/rarely, Days/week of moderate physical activity, Water intake, Days/week of vigorous physical activity, Bread intake, Tea intake, Time spent using computer, Time spent outdoors in winter, Diet variation: Never/rarely, Sun protection: Most times, Drive faster: Sometimes, Time spent watching TV, Ever smoked: Yes, Hair colour: Light brown, Spread: Other margarine, Fresh fruit intake, Sleep duration, Mobile use vs 2yrs: No, Dried fruit intake, Time spent outdoors in summer"
Cardiovascular,Raynaud_syndrome,"Time spent outdoors in summer, Bread intake, Time spent using computer, Time spent watching TV, Cereal intake, Coffee intake, Beef: <1/week, Walking pace: Brisk, Days/week of walk 10+ mins, Milk: Semi-skimmed, Hair colour: Dark brown, Raw vegetable intake, Snoring: Yes, Days/week of vigorous physical activity, Salt added: Never/rarely, Drive faster: Sometimes, Alcohol vs 10yrs ago: Less now, Oily fish: <1/week, Age first had sexual intercourse, Pork: <1/week, Fresh fruit intake, Sleep duration, Facial ageing: Younger than you are, Water intake, Poultry: 1/week"
Cardiovascular,Right_bundle_branch_block,"Time spent watching TV, Tea intake, Time spent outdoors in summer, Smoking: Never, Fresh fruit intake, Mobile use: More than eight years, Time spent using computer, Alcohol vs 10yrs ago: About the same, Water intake, Bread intake, Days/week of vigorous physical activity, Smoking: Previous, Mother: High blood pressure, Duration of walks, Non-oily fish: 1/week, Sleep duration, Time spent outdoors in winter, Past smoking: Never, Diet change: Yes (other), Sun protection: Most times, Hair colour: Dark brown, Coffee intake, Diet variation: Sometimes, Mobile freq: 5-29 mins, Walking pace: Steady/average"
Cardiovascular,Stable_angina,"Mother: Heart disease, Father: Heart disease, Walking pace: Brisk, Days/week of moderate physical activity, Time spent watching TV, Diet change: No, Diet change: Yes (illness), Daytime nap: Never/rarely, Skin tanning: Get very tanned, Dried fruit intake, Days/week of vigorous physical activity, Ever smoked: Yes, Cheese: <1/week, Get up: Very easy, Mother: High blood pressure, Duration of walks, Mobile use: Five to eight years, Time spent outdoors in winter, Smoking: Never, Time spent outdoors in summer, Snoring: Yes, Days/week of walk 10+ mins, Daytime dozing: Never/rarely, Insomnia: Usually, Fresh fruit intake"
Cardiovascular,Supraventricular_tachycardia,"Time spent watching TV, Days/week of vigorous physical activity, Duration of walks, Smoking: Previous, Cooked vegetable intake, Hair colour: Dark brown, Days/week of walk 10+ mins, Cereal intake, Ever smoked: Yes, Water intake, Coffee intake, Get up: Fairly easy, Time spent outdoors in summer, Sleep duration, Bread intake, Tea intake, Days/week of moderate physical activity, Salt added: Never/rarely, Milk: Semi-skimmed, Sun protection: Most times, Mobile hand: Left, Fresh fruit intake, Spread: Butter, Time spent driving, Age first had sexual intercourse"
Cardiovascular,Transient_ischaemic_attack,"Days/week of moderate physical activity, Daytime nap: Never/rarely, Time spent outdoors in summer, Time spent watching TV, Coffee intake, Days/week of vigorous physical activity, Raw vegetable intake, Insomnia: Sometimes, Dried fruit intake, Daytime nap: Sometimes, Ever smoked: No, Cereal intake, Chronotype: More morning, Snoring: Yes, Walking pace: Steady/average, Walking pace: Brisk, Bread: Wholemeal, Days/week of walk 10+ mins, Water intake, Time spent using computer, Smoking: Previous, Bread intake, Insomnia: Usually, Milk: Semi-skimmed, Smoking: Never"
Cardiovascular,Unstable_Angina,"Bread intake, Time spent watching TV, Time spent outdoors in winter, Water intake, Days/week of walk 10+ mins, Insomnia: Sometimes, Cereal intake, Salt added: Sometimes, Time spent driving, Fresh fruit intake, Duration of walks, Tea intake, Daytime nap: Never/rarely, Ever smoked: Yes, Days/week of moderate physical activity, Daytime nap: Sometimes, Past smoking: Never, Poultry: 2-4/week, Coffee intake, Facial ageing: Younger than you are, Time spent outdoors in summer, Diet change: No, Days/week of vigorous physical activity, Sleep duration, Father: Heart disease"
Cardiovascular,Venous_thromboembolic_disease,"Time spent outdoors in summer, Time spent watching TV, Mother: High blood pressure, Time spent using computer, Non-oily fish: <1/week, Days/week of walk 10+ mins, Diet change: No, Past smoking: Never, Fresh fruit intake, Bread intake, Water intake, Days/week of vigorous physical activity, Salt added: Sometimes, Ever smoked: No, Facial ageing: Younger than you are, Cooked vegetable intake, Cereal intake, Daytime nap: Never/rarely, Hair colour: Light brown, Time spent outdoors in winter, Mobile use: More than eight years, Poultry: 1/week, Snoring: Yes, Skin colour: Fair, Bread: Wholemeal"
Digestive,Abdominal_Hernia,"Water intake, Bread intake, Days/week of vigorous physical activity, Get up: Fairly easy, Snoring: No, Hair colour: Light brown, Facial ageing: Younger than you are, Cereal intake, Hands-free use: Never or almost never, Sun protection: Sometimes, Beef: <1/week, Bread: White, Daytime nap: Never/rarely, Daytime nap: Sometimes, Sleep duration, Alcohol vs 10yrs ago: Less now, Skin colour: Fair, Mobile hand: Right, Mobile freq: 5-29 mins, Sun protection: Always, Time spent watching TV, Facial ageing: About your age, Alcohol: Daily, Lamb/mutton: 1/week, Mobile use vs 2yrs: More now"
Digestive,Anal_fissure,"Father: Heart disease, Drive faster: Sometimes, Tea intake, Time spent watching TV, Cooked vegetable intake, Mobile hand: Right, Spread: Other margarine, Cereal intake, Coffee intake, Smokers in household: No, Pork: <1/week, Sleep duration, Processed meat: 1/week, Days/week of moderate physical activity, Days/week of walk 10+ mins, Days/week of vigorous physical activity, Mobile use vs 2yrs: No, Stair climbing: 11-15 times, Diet change: Yes (other), Smoking: Previous, Stair climbing: 6-10 times, Processed meat: 2-4/week, Spread: Butter, Walking pace: Steady/average, Time spent outdoors in winter"
Digestive,Barrett_oesophagus,"Time spent watching TV, Tea intake, Days/week of vigorous physical activity, Walking pace: Brisk, Time spent outdoors in winter, Days/week of moderate physical activity, Fresh fruit intake, Drive faster: Sometimes, Insomnia: Usually, Sleep duration, Raw vegetable intake, Hot drink temp: Hot, Facial ageing: Younger than you are, Duration of walks, Bread intake, Daytime nap: Never/rarely, Time spent outdoors in summer, Diet change: Yes (other), Cereal: Muesli, Cereal intake, Skin tanning: Get very tanned, Poultry: 2-4/week, Pork: <1/week, Days/week of walk 10+ mins, Water intake"
Digestive,Cholecystitis,"Coffee intake, Non-oily fish: 1/week, Time spent outdoors in winter, Water intake, Beef: 1/week, Spread: Butter, Walking pace: Brisk, Salt added: Sometimes, Alcohol vs 10yrs ago: Less now, Drive faster than limit: Never/rarely, Non-oily fish: <1/week, Cereal intake, Alcohol vs 10yrs ago: More now, Time spent driving, Lamb/mutton: <1/week, Drive faster: Sometimes, Age first had sexual intercourse, Pork: <1/week, Duration of walks, Snoring: No, Sleep duration, Time spent outdoors in summer, Days/week of vigorous physical activity, Time spent watching TV, Days/week of walk 10+ mins"
Digestive,Cholelithiasis,"Time spent watching TV, Coffee intake, Bread intake, Time spent using computer, Cooked vegetable intake, Cereal intake, Facial ageing: Younger than you are, Days/week of vigorous physical activity, Time spent outdoors in summer, Bread: Wholemeal, Stair climbing: 11-15 times, Days/week of walk 10+ mins, Alcohol: 3-4/week, Fresh fruit intake, Smoking: Never, Time spent driving, Mobile use vs 2yrs: No, Age first had sexual intercourse, Days/week of moderate physical activity, Mobile freq: Less than 5mins, Water intake, Sleep duration, Walking pace: Brisk, Diet variation: Sometimes, Alcohol: Daily"
Digestive,Diaphragmatic_hernia,"Insomnia: Usually, Get up: Fairly easy, Sun protection: Most times, Tea intake, Sun protection: Always, Stair climbing: 6-10 times, Time spent watching TV, Smoking: Never, Diet change: No, Poultry: 1/week, Walking pace: Steady/average, Insomnia: Never/rarely, Smoking: Previous, Raw vegetable intake, Drive faster than limit: Never/rarely, Past smoking: Most/all days, Cereal: Oat (Porridge), Sleep duration, Skin tanning: Never tan, only burn, Chronotype: Definite morning, Cheese: <1/week, Alcohol: 3-4/week, Oily fish: 2-4/week, Salt added: Sometimes, Time spent driving"
Digestive,Diverticular_disease_of_intestine,"Insomnia: Usually, Smoking: Previous, Bread: Wholemeal, Days/week of moderate physical activity, Smoking: Never, Time spent watching TV, Days/week of walk 10+ mins, Water intake, Time spent using computer, Mobile use: More than eight years, Beef: <1/week, Bread intake, Pork: Never, Pork: <1/week, Father: Heart disease, Insomnia: Never/rarely, Coffee intake, Ever smoked: No, Diet variation: Never/rarely, Days/week of vigorous physical activity, Raw vegetable intake, Hair colour: Dark brown, Alcohol: 1-2/week, Tea intake, Daytime dozing: Never/rarely"
Digestive,Fatty_Liver,"Days/week of moderate physical activity, Cereal intake, Time spent driving, Water intake, Diet change: Yes (other), Alcohol vs 10yrs ago: Less now, Days/week of walk 10+ mins, Smoking: Never, Bread intake, Non-oily fish: 1/week, Time spent outdoors in winter, Daytime nap: Never/rarely, Sleep duration, Duration of walks, Time spent watching TV, Hands-free use: Never or almost never, Time spent outdoors in summer, Dried fruit intake, Oily fish: 1/week, Tea intake, Coffee intake, Bread: Wholemeal, Sun protection: Most times, Days/week of vigorous physical activity, Diet change: No"
Digestive,Gastritis_and_duodenitis,"Tea intake, Time spent watching TV, Insomnia: Usually, Alcohol vs 10yrs ago: About the same, Days/week of walk 10+ mins, Smoking: Never, Insomnia: Never/rarely, Sleep duration, Age first had sexual intercourse, Diet change: Yes (illness), Coffee intake, Past smoking: Never, Daytime dozing: Sometimes, Snoring: No, Mobile hand: Left, Past smoking: Most/all days, Time spent using computer, Cooked vegetable intake, Days/week of vigorous physical activity, Snoring: Yes, Cheese: <1/week, Alcohol: 1-2/week, Bread: Wholemeal, Water intake, Daytime dozing: Never/rarely"
Digestive,Gastro_oesophageal_reflux_disease,"Tea intake, Time spent watching TV, Insomnia: Never/rarely, Insomnia: Usually, Cereal: Oat (Porridge), Walking pace: Brisk, Dried fruit intake, Snoring: Yes, Bread: Wholemeal, Duration of walks, Pork: <1/week, Age first had sexual intercourse, Father: Heart disease, Cereal: Other, Fresh fruit intake, Sleep duration, Snoring: No, Time spent outdoors in winter, Poultry: 2-4/week, Facial ageing: Younger than you are, Non-oily fish: 1/week, Days/week of vigorous physical activity, Cheese: <1/week, Water intake, Mother: Heart disease"
Digestive,Irritable_bowel_syndrome,"Drive faster than limit: Never/rarely, Days/week of moderate physical activity, Walking pace: Brisk, Coffee intake, Sleep duration, Diet change: No, Insomnia: Sometimes, Water intake, Time spent outdoors in winter, Time spent watching TV, Cheese: 2-4/week, Stair climbing: 6-10 times, Diet change: Yes (other), Bread: White, Insomnia: Never/rarely, Days/week of walk 10+ mins, Chronotype: More evening, Age first had sexual intercourse, Bread: Wholemeal, Days/week of vigorous physical activity, Insomnia: Usually, Cereal intake, Time spent using computer, Mother: High blood pressure, Alcohol: 3-4/week"
Digestive,Oesophagitis_and_oesophageal_ulcer,"Water intake, Insomnia: Usually, Time spent watching TV, Time spent outdoors in summer, Raw vegetable intake, Cheese: <1/week, Skin colour: Fair, Days/week of vigorous physical activity, Coffee intake, Hot drink temp: Hot, Cereal intake, Bread intake, Chronotype: More morning, Non-oily fish: 1/week, Facial ageing: Younger than you are, Diet change: No, Days/week of walk 10+ mins, Duration of walks, Time spent using computer, Mobile hand: Right, Salt added: Never/rarely, Sun protection: Most times, Insomnia: Sometimes, Skin tanning: Get very tanned, Smoking: Never"
Digestive,Peptic_ulcer_disease,"Time spent watching TV, Cereal intake, Bread intake, Water intake, Smoking: Never, Days/week of vigorous physical activity, Bread: Wholemeal, Tea intake, Days/week of moderate physical activity, Daytime nap: Sometimes, Time spent driving, Oily fish: 1/week, Diet variation: Never/rarely, Time spent outdoors in summer, Walking pace: Brisk, Drive faster: Sometimes, Days/week of walk 10+ mins, Coffee intake, Non-oily fish: <1/week, Cereal: Biscuit (Weetabix), Mother: High blood pressure, Salt added: Never/rarely, Poultry: 1/week, Stair climbing: 6-10 times, Ever smoked: No"
Ear,Hearing_loss,"Sleep duration, Tea intake, Fresh fruit intake, Spread: Butter, Past smoking: Most/all days, Bread: Wholemeal, Cereal intake, Daytime nap: Never/rarely, Days/week of moderate physical activity, Diet variation: Never/rarely, Time spent outdoors in summer, Skin colour: Fair, Poultry: 2-4/week, Non-oily fish: 1/week, Ever smoked: No, Spread: Other margarine, Days/week of vigorous physical activity, Walking pace: Brisk, Mobile hand: Right, Mother: Heart disease, Lamb/mutton: 1/week, Water intake, Stair climbing: 11-15 times, Mobile hand: Left, Mobile freq: 30-59 mins"
Endocrine,Diabetes_NOS,"Diet change: Yes (other), Walking pace: Brisk, Hair colour: Dark brown, Water intake, Cheese: 2-4/week, Oily fish: <1/week, Pork: <1/week, Duration of walks, Time spent using computer, Ever smoked: Yes, Time spent outdoors in summer, Fresh fruit intake, Sun protection: Most times, Time spent watching TV, Mobile use: Five to eight years, Days/week of moderate physical activity, Cereal intake, Diet change: No, Age first had sexual intercourse, Bread intake, Poultry: 2-4/week, Daytime nap: Sometimes, Smoking: Previous, Alcohol: Daily, Walking pace: Steady/average"
Endocrine,Diabetes_Type_II,"Diet change: No, Time spent watching TV, Diet change: Yes (illness), Mother: Diabetes, Walking pace: Brisk, Days/week of walk 10+ mins, Water intake, Alcohol vs 10yrs ago: About the same, Diet change: Yes (other), Days/week of vigorous physical activity, Cereal: Biscuit (Weetabix), Daytime nap: Never/rarely, Lamb/mutton: 1/week, Spread: Butter, Sleep duration, Alcohol vs 10yrs ago: Less now, Oily fish: 2-4/week, Insomnia: Usually, Father: Diabetes, Daytime dozing: Never/rarely, Skin colour: Light olive, Cereal: Muesli, Sun protection: Always, Raw vegetable intake, Stair climbing: 11-15 times"
Endocrine,Hypo_or_hyperthyroidism,"Tea intake, Fresh fruit intake, Walking pace: Brisk, Diet change: No, Time spent using computer, Bread intake, Get up: Very easy, Insomnia: Usually, Cereal intake, Insomnia: Never/rarely, Smoking: Never, Alcohol: 3-4/week, Non-oily fish: 1/week, Days/week of vigorous physical activity, Mobile hand: Left, Days/week of walk 10+ mins, Sun protection: Always, Days/week of moderate physical activity, Past smoking: Most/all days, Skin tanning: Get mildly tanned, Mother: Heart disease, Computer games: Sometimes, Alcohol: Daily, Coffee intake, Alcohol: 1-2/week"
Endocrine,Hypothyroidism,"Tea intake, Cereal intake, Walking pace: Brisk, Days/week of vigorous physical activity, Diet change: No, Get up: Very easy, Alcohol: Daily, Days/week of moderate physical activity, Non-oily fish: 1/week, Duration of walks, Cooked vegetable intake, Father: Heart disease, Coffee intake, Beef: <1/week, Days/week of walk 10+ mins, Time spent outdoors in summer, Walking pace: Steady/average, Facial ageing: Younger than you are, Insomnia: Never/rarely, Chronotype: Definite morning, Processed meat: 2-4/week, Insomnia: Usually, Bread intake, Pork: <1/week, Poultry: 1/week"
Endocrine,Obesity,"Time spent outdoors in summer, Time spent watching TV, Days/week of vigorous physical activity, Skin colour: Fair, Processed meat: <1/week, Oily fish: <1/week, Mobile use vs 2yrs: No, Tea intake, Walking pace: Brisk, Age first had sexual intercourse, Dried fruit intake, Lamb/mutton: Never, Water intake, Diet change: No, Days/week of moderate physical activity, Insomnia: Usually, Chronotype: More evening, Skin tanning: Get moderately tanned, Bread: Wholemeal, Cooked vegetable intake, Bread intake, Drive faster than limit: Never/rarely, Time spent driving, Poultry: 2-4/week, Insomnia: Never/rarely"
Eye,Cataract,"Age first had sexual intercourse, Cereal intake, Drive faster: Sometimes, Days/week of walk 10+ mins, Days/week of moderate physical activity, Mother: High blood pressure, Mobile freq: 5-29 mins, Oily fish: 1/week, Bread intake, Salt added: Never/rarely, Diet change: No, Duration of walks, Skin tanning: Get moderately tanned, Drive faster than limit: Never/rarely, Dried fruit intake, Past smoking: Occasional, Coffee intake, Non-oily fish: 1/week, Facial ageing: About your age, Poultry: 2-4/week, Days/week of vigorous physical activity, Walking pace: Slow, Oily fish: 2-4/week, Walking pace: Brisk, Mobile hand: Left"
Eye,Diabetic_ophthalmic_complications,"Cereal intake, Water intake, Days/week of walk 10+ mins, Walking pace: Brisk, Days/week of vigorous physical activity, Bread intake, Hot drink temp: Hot, Diet change: No, Time spent using computer, Tea intake, Cheese: 2-4/week, Days/week of moderate physical activity, Time spent watching TV, Mobile use: More than eight years, Oily fish: 1/week, Get up: Very easy, Pork: <1/week, Skin colour: Fair, Daytime nap: Never/rarely, Sun protection: Always, Drive faster: Sometimes, Oily fish: <1/week, Drive faster than limit: Never/rarely, Bread: White, Time spent outdoors in summer"
Eye,Glaucoma,"Time spent watching TV, Days/week of moderate physical activity, Mobile freq: 5-29 mins, Duration of walks, Time spent driving, Tea intake, Days/week of vigorous physical activity, Hair colour: Dark brown, Skin colour: Fair, Sleep duration, Pork: <1/week, Sun protection: Sometimes, Drive faster than limit: Never/rarely, Cheese: 1/week, Dried fruit intake, Computer games: Never/rarely, Time spent outdoors in winter, Poultry: 1/week, Spread: Other margarine, Mobile use vs 2yrs: More now, Smoking: Never, Hair colour: Light brown, Daytime nap: Sometimes, Lamb/mutton: 1/week, Daytime nap: Never/rarely"
Eye,Macular_degeneration,"Time spent watching TV, Cheese: 2-4/week, Days/week of vigorous physical activity, Days/week of walk 10+ mins, Sleep duration, Daytime nap: Never/rarely, Time spent driving, Time spent outdoors in summer, Fresh fruit intake, Raw vegetable intake, Coffee intake, Time spent outdoors in winter, Water intake, Spread: Other margarine, Cooked vegetable intake, Alcohol: 3-4/week, Insomnia: Sometimes, Milk: Semi-skimmed, Smoking: Previous, Drive faster than limit: Never/rarely, Age first had sexual intercourse, Smoking: Never, Salt added: Never/rarely, Hair colour: Light brown, Past smoking: Never"
Eye,Retinal_detachments_and_breaks,"Tea intake, Days/week of moderate physical activity, Bread intake, Days/week of walk 10+ mins, Time spent outdoors in winter, Days/week of vigorous physical activity, Poultry: 1/week, Water intake, Coffee intake, Sleep duration, Age first had sexual intercourse, Cereal intake, Time spent outdoors in summer, Mobile use: Five to eight years, Diet change: No, Sun protection: Most times, Bread: Wholemeal, Fresh fruit intake, Time spent using computer, Time spent watching TV, Oily fish: 1/week, Skin tanning: Get moderately tanned, Diet variation: Never/rarely, Time spent driving, Get up: Very easy"
Genitourinary,Acute_Kidney_Injury,"Time spent watching TV, Coffee intake, Walking pace: Brisk, Cereal intake, Days/week of moderate physical activity, Days/week of vigorous physical activity, Time spent outdoors in summer, Daytime nap: Never/rarely, Milk: Semi-skimmed, Days/week of walk 10+ mins, Smoking: Never, Water intake, Time spent using computer, Raw vegetable intake, Smoking: Previous, Fresh fruit intake, Tea intake, Age first had sexual intercourse, Cereal: Oat (Porridge), Alcohol vs 10yrs ago: Less now, Salt added: Never/rarely, Ever smoked: Yes, Sleep duration, Time spent outdoors in winter, Mobile use: More than eight years"
Genitourinary,Chronic_Kidney_Disease,"Water intake, Duration of walks, Fresh fruit intake, Days/week of walk 10+ mins, Sleep duration, Walking pace: Brisk, Cereal intake, Smoking: Previous, Daytime nap: Never/rarely, Poultry: 1/week, Coffee intake, Time spent driving, Hot drink temp: Hot, Time spent outdoors in summer, Cheese: 2-4/week, Tea intake, Insomnia: Usually, Lamb/mutton: Never, Days/week of moderate physical activity, Time spent watching TV, Walking pace: Steady/average, Days/week of vigorous physical activity, Bread intake, Snoring: Yes, Mobile use: Never"
Genitourinary,Female_genital_prolapse_filtered,"Days/week of walk 10+ mins, Coffee intake, Duration of walks, Diet variation: Never/rarely, Tea intake, Snoring: No, Diet variation: Sometimes, Skin tanning: Get moderately tanned, Drive faster: Sometimes, Cereal: Oat (Porridge), Drive faster than limit: Never/rarely, Milk: Semi-skimmed, Days/week of moderate physical activity, Dried fruit intake, Age first had sexual intercourse, Alcohol: 1-2/week, Diet change: No, Cereal intake, Walking pace: Brisk, Time spent driving, Sun protection: Most times, Non-oily fish: 2-4/week, Time spent watching TV, Raw vegetable intake, Time spent outdoors in summer"
Genitourinary,Hyperplasia_of_prostate_filtered,"Time spent watching TV, Tea intake, Insomnia: Never/rarely, Daytime nap: Never/rarely, Milk: Semi-skimmed, Insomnia: Usually, Cooked vegetable intake, Water intake, Smoking: Previous, Drive faster than limit: Never/rarely, Salt added: Never/rarely, Alcohol vs 10yrs ago: Less now, Duration of walks, Snoring: Yes, Walking pace: Brisk, Days/week of vigorous physical activity, Time spent outdoors in summer, Alcohol vs 10yrs ago: About the same, Processed meat: 1/week, Beef: <1/week, Days/week of moderate physical activity, Computer games: Never/rarely, Milk: Skimmed, Get up: Fairly easy, Diet change: No"
Genitourinary,Menorrhagia_and_polymenorrhoea_filtered,"Time spent outdoors in summer, Diet change: No, Days/week of walk 10+ mins, Sleep duration, Stair climbing: 6-10 times, Age first had sexual intercourse, Fresh fruit intake, Diet variation: Sometimes, Cooked vegetable intake, Tea intake, Time spent driving, Time spent watching TV, Bread intake, Lifetime number of sexual partners, Time spent using computer, Spread: Other margarine, Days/week of vigorous physical activity, Drive faster than limit: Never/rarely, Cereal intake, Past smoking: Never, Poultry: 2-4/week, Mobile hand: Right, Insomnia: Usually, Dried fruit intake, Days/week of moderate physical activity"
Genitourinary,Obstructive_and_reflux_uropathy,"Time spent outdoors in summer, Time spent outdoors in winter, Facial ageing: Younger than you are, Days/week of moderate physical activity, Age first had sexual intercourse, Skin colour: Fair, Daytime dozing: Never/rarely, Time spent using computer, Alcohol: 1-2/week, Hot drink temp: Hot, Tea intake, Daytime nap: Never/rarely, Poultry: 2-4/week, Sun protection: Sometimes, Milk: Semi-skimmed, Daytime nap: Sometimes, Salt added: Never/rarely, Dried fruit intake, Poultry: 1/week, Bread intake, Snoring: No, Time spent watching TV, Mother: High blood pressure, Walking pace: Brisk, Diet change: No"
Genitourinary,Postmenopausal_bleeding_filtered,"Days/week of vigorous physical activity, Bread intake, Tea intake, Sleep duration, Time spent outdoors in summer, Spread: Other margarine, Fresh fruit intake, Days/week of walk 10+ mins, Time spent watching TV, Days/week of moderate physical activity, Cereal intake, Cooked vegetable intake, Sun protection: Sometimes, Water intake, Sun protection: Most times, Coffee intake, Raw vegetable intake, Snoring: No, Mobile freq: 5-29 mins, Hot drink temp: Hot, Skin colour: Fair, Time spent using computer, Age first had sexual intercourse, Duration of walks, Mother: High blood pressure"
Genitourinary,Urinary_Incontinence,"Days/week of walk 10+ mins, Cereal intake, Time spent outdoors in summer, Walking pace: Brisk, Days/week of moderate physical activity, Water intake, Time spent watching TV, Cheese: 2-4/week, Diet change: No, Skin colour: Fair, Cooked vegetable intake, Days/week of vigorous physical activity, Poultry: 2-4/week, Time spent driving, Raw vegetable intake, Time spent outdoors in winter, Sleep duration, Insomnia: Usually, Tea intake, Past smoking: Most/all days, Coffee intake, Mobile freq: Less than 5mins, Smoking: Never, Get up: Very easy, Age first had sexual intercourse"
Genitourinary,Urolithiasis,"Age first had sexual intercourse, Bread: Wholemeal, Time spent watching TV, Alcohol vs 10yrs ago: About the same, Time spent driving, Bread intake, Alcohol: 3-4/week, Cereal intake, Alcohol vs 10yrs ago: Less now, Sleep duration, Pork: <1/week, Days/week of walk 10+ mins, Days/week of vigorous physical activity, Days/week of moderate physical activity, Time spent outdoors in winter, Time spent outdoors in summer, Tea intake, Cooked vegetable intake, Walking pace: Steady/average, Daytime dozing: Never/rarely, Snoring: No, Time spent using computer, Coffee intake, Water intake, Mobile use: Two to four years"
Haematological_or_immunological,Agranulocytosis,"Days/week of moderate physical activity, Cereal intake, Days/week of walk 10+ mins, Time spent watching TV, Dried fruit intake, Raw vegetable intake, Fresh fruit intake, Get up: Very easy, Water intake, Days/week of vigorous physical activity, Insomnia: Sometimes, Coffee intake, Sleep duration, Stair climbing: 6-10 times, Cooked vegetable intake, Non-oily fish: 1/week, Bread intake, Time spent driving, Time spent outdoors in summer, Alcohol: Daily, Snoring: No, Daytime nap: Never/rarely, Salt added: Sometimes, Processed meat: <1/week, Facial ageing: Younger than you are"
Haematological_or_immunological,Iron_deficiency_anaemia,"Days/week of moderate physical activity, Time spent watching TV, Daytime nap: Never/rarely, Mobile use: Five to eight years, Walking pace: Brisk, Mobile hand: Right, Water intake, Snoring: Yes, Days/week of vigorous physical activity, Insomnia: Sometimes, Raw vegetable intake, Tea intake, Cereal intake, Age first had sexual intercourse, Milk: Skimmed, Alcohol: 3-4/week, Cheese: 2-4/week, Hair colour: Dark brown, Days/week of walk 10+ mins, Bread: Wholemeal, Get up: Very easy, Cereal: Oat (Porridge), Ever smoked: Yes, Insomnia: Never/rarely, Smoking: Previous"
Haematological_or_immunological,Other_anaemias,"Time spent watching TV, Duration of walks, Days/week of moderate physical activity, Walking pace: Brisk, Mobile use vs 2yrs: More now, Drive faster: Sometimes, Days/week of walk 10+ mins, Smoking: Previous, Time spent outdoors in summer, Smoking: Never, Past smoking: Never, Processed meat: <1/week, Daytime nap: Sometimes, Snoring: Yes, Daytime nap: Never/rarely, Days/week of vigorous physical activity, Diet change: No, Mobile freq: 5-29 mins, Pork: <1/week, Spread: Other margarine, Non-oily fish: 1/week, Drive faster than limit: Never/rarely, Mother: High blood pressure, Fresh fruit intake, Water intake"
Haematological_or_immunological,Secondary_or_other_Thrombocytopaenia,"Mobile hand: Right, Poultry: 1/week, Ever smoked: No, Sleep duration, Walking pace: Brisk, Time spent driving, Age first had sexual intercourse, Time spent outdoors in winter, Days/week of moderate physical activity, Non-oily fish: 1/week, Tea intake, Days/week of walk 10+ mins, Cheese: 2-4/week, Cereal intake, Water intake, Fresh fruit intake, Duration of walks, Days/week of vigorous physical activity, Bread intake, Stair climbing: 6-10 times, Time spent watching TV, Time spent using computer, Alcohol: 3-4/week, Time spent outdoors in summer, Coffee intake"
Infections,Bacterial_Diseases,"Time spent watching TV, Days/week of walk 10+ mins, Days/week of moderate physical activity, Water intake, Age first had sexual intercourse, Tea intake, Daytime nap: Never/rarely, Alcohol vs 10yrs ago: About the same, Diet change: No, Daytime nap: Sometimes, Time spent outdoors in summer, Walking pace: Brisk, Chronotype: More evening, Days/week of vigorous physical activity, Smoking: Never, Non-oily fish: <1/week, Cooked vegetable intake, Processed meat: <1/week, Daytime dozing: Never/rarely, Walking pace: Steady/average, Time spent driving, Walking pace: Slow, Sun protection: Always, Diet variation: Sometimes, Milk: Semi-skimmed"
Infections,Ear_and_Upper_Respiratory_Tract_Infections,"Days/week of moderate physical activity, Cooked vegetable intake, Diet change: No, Days/week of walk 10+ mins, Salt added: Never/rarely, Skin tanning: Get moderately tanned, Alcohol vs 10yrs ago: Less now, Drive faster than limit: Never/rarely, Get up: Very easy, Hair colour: Light brown, Processed meat: <1/week, Walking pace: Brisk, Exposure to tobacco smoke at home, Cereal intake, Beef: 1/week, Diet variation: Sometimes, Mother: High blood pressure, Facial ageing: Younger than you are, Cereal: Muesli, Skin tanning: Never tan, only burn, Time spent outdoors in summer, Cheese: 2-4/week, Coffee intake, Mobile use: More than eight years, Tea intake"
Infections,Infection_of_skin_and_subcutaneous_tissues,"Days/week of walk 10+ mins, Days/week of vigorous physical activity, Water intake, Time spent using computer, Coffee intake, Sleep duration, Cereal intake, Sun protection: Sometimes, Diet change: No, Days/week of moderate physical activity, Daytime nap: Never/rarely, Time spent watching TV, Walking pace: Steady/average, Oily fish: 1/week, Fresh fruit intake, Tea intake, Spread: Other margarine, Diet variation: Sometimes, Duration of walks, Bread intake, Mobile hand: Left, Dried fruit intake, Time spent outdoors in winter, Pork: 1/week, Cooked vegetable intake"
Infections,Infections_of_the_digestive_system,"Time spent watching TV, Alcohol vs 10yrs ago: Less now, Diet change: No, Walking pace: Brisk, Days/week of walk 10+ mins, Alcohol vs 10yrs ago: About the same, Get up: Fairly easy, Daytime nap: Never/rarely, Days/week of vigorous physical activity, Bread: Wholemeal, Water intake, Cereal intake, Daytime nap: Sometimes, Past smoking: Most/all days, Days/week of moderate physical activity, Time spent driving, Diet change: Yes (illness), Sleep duration, Drive faster: Sometimes, Alcohol: 3-4/week, Daytime dozing: Never/rarely, Insomnia: Usually, Skin tanning: Never tan, only burn, Tea intake, Ever smoked: No"
Infections,Lower_Respiratory_Tract_Infections,"Walking pace: Brisk, Sun protection: Most times, Diet change: No, Coffee intake, Water intake, Time spent watching TV, Insomnia: Usually, Time spent driving, Days/week of moderate physical activity, Time spent outdoors in winter, Tea intake, Ever smoked: Yes, Days/week of vigorous physical activity, Sleep duration, Past smoking: Most/all days, Stair climbing: 11-15 times, Smoking: Never, Time spent outdoors in summer, Alcohol vs 10yrs ago: About the same, Age first had sexual intercourse, Chronotype: More morning, Days/week of walk 10+ mins, Cheese: 2-4/week, Mobile hand: Right, Poultry: 1/week"
Infections,Mycoses,"Time spent watching TV, Coffee intake, Days/week of vigorous physical activity, Duration of walks, Daytime nap: Never/rarely, Water intake, Days/week of moderate physical activity, Fresh fruit intake, Hair colour: Dark brown, Days/week of walk 10+ mins, Sun protection: Most times, Sleep duration, Daytime dozing: Sometimes, Dried fruit intake, Daytime dozing: Never/rarely, Snoring: No, Tea intake, Bread: Wholemeal, Cereal intake, Insomnia: Sometimes, Processed meat: 1/week, Raw vegetable intake, Alcohol vs 10yrs ago: Less now, Lamb/mutton: <1/week, Past smoking: Never"
Infections,Septicaemia,"Time spent watching TV, Raw vegetable intake, Smoking: Never, Tea intake, Days/week of moderate physical activity, Bread: Wholemeal, Age first had sexual intercourse, Days/week of vigorous physical activity, Smoking: Previous, Beef: <1/week, Dried fruit intake, Days/week of walk 10+ mins, Mobile use: Five to eight years, Sun protection: Most times, Time spent driving, Daytime dozing: Never/rarely, Walking pace: Brisk, Past smoking: Tried once/twice, Sleep duration, Get up: Very easy, Time spent outdoors in winter, Mobile use vs 2yrs: No, Cereal: Muesli, Chronotype: More evening, Bread intake"
Infections,Urinary_Tract_Infections,"Time spent watching TV, Time spent driving, Mobile use: More than eight years, Bread intake, Age first had sexual intercourse, Dried fruit intake, Daytime nap: Never/rarely, Days/week of moderate physical activity, Water intake, Drive faster: Sometimes, Diet change: No, Tea intake, Hot drink temp: Hot, Sun protection: Most times, Time spent outdoors in winter, Snoring: Yes, Walking pace: Steady/average, Duration of walks, Stair climbing: 6-10 times, Sleep duration, Walking pace: Brisk, Days/week of walk 10+ mins, Insomnia: Sometimes, Pork: <1/week, Cheese: 2-4/week"
Infections,Viral_diseases,"Time spent watching TV, Time spent outdoors in summer, Tea intake, Walking pace: Steady/average, Time spent outdoors in winter, Cooked vegetable intake, Days/week of walk 10+ mins, Days/week of moderate physical activity, Age first had sexual intercourse, Bread intake, Get up: Fairly easy, Insomnia: Sometimes, Drive faster than limit: Never/rarely, Past smoking: Never, Days/week of vigorous physical activity, Diet change: Yes (other), Daytime nap: Never/rarely, Alcohol vs 10yrs ago: Less now, Cereal intake, Non-oily fish: <1/week, Non-oily fish: 1/week, Smoking: Previous, Hair colour: Dark brown, Spread: Other margarine, Alcohol vs 10yrs ago: About the same"
Musculoskeletal,Carpal_tunnel_syndrome,"Sleep duration, Duration of walks, Time spent outdoors in summer, Tea intake, Alcohol vs 10yrs ago: About the same, Diet change: No, Hot drink temp: Hot, Dried fruit intake, Cooked vegetable intake, Insomnia: Sometimes, Insomnia: Usually, Skin tanning: Never tan, only burn, Mobile hand: Left, Days/week of vigorous physical activity, Sun protection: Sometimes, Bread intake, Age first had sexual intercourse, Walking pace: Steady/average, Fresh fruit intake, Stair climbing: 1-5 times, Alcohol: 3-4/week, Mobile hand: Right, Past smoking: Never, Lamb/mutton: <1/week, Days/week of walk 10+ mins"
Musculoskeletal,Enthesopathies_and_synovial_disorders,"Days/week of vigorous physical activity, Time spent outdoors in winter, Beef: <1/week, Days/week of moderate physical activity, Water intake, Hot drink temp: Hot, Ever smoked: Yes, Cereal intake, Spread: Butter, Time spent using computer, Salt added: Never/rarely, Diet variation: Never/rarely, Time spent driving, Cheese: 2-4/week, Days/week of walk 10+ mins, Time spent watching TV, Hair colour: Dark brown, Mobile use: Five to eight years, Poultry: 2-4/week, Sleep duration, Fresh fruit intake, Diet variation: Sometimes, Facial ageing: Younger than you are, Bread intake, Insomnia: Sometimes"
Musculoskeletal,Fracture_of_hip,"Cheese: 2-4/week, Days/week of walk 10+ mins, Insomnia: Sometimes, Oily fish: <1/week, Days/week of moderate physical activity, Poultry: 2-4/week, Pork: <1/week, Days/week of vigorous physical activity, Time spent driving, Hair colour: Dark brown, Time spent outdoors in summer, Cooked vegetable intake, Skin tanning: Get moderately tanned, Cereal intake, Bread: Wholemeal, Past smoking: Most/all days, Sun protection: Most times, Sleep duration, Father: Heart disease, Smoking: Previous, Duration of walks, Mother: Diabetes, Lamb/mutton: <1/week, Tea intake, Stair climbing: 1-5 times"
Musculoskeletal,Fracture_of_wrist,"Daytime nap: Sometimes, Tea intake, Time spent watching TV, Sleep duration, Non-oily fish: 1/week, Drive faster than limit: Never/rarely, Cereal intake, Facial ageing: Younger than you are, Stair climbing: 6-10 times, Snoring: Yes, Alcohol: 1-2/week, Beef: <1/week, Days/week of vigorous physical activity, Snoring: No, Age first had sexual intercourse, Time spent using computer, Fresh fruit intake, Coffee intake, Insomnia: Sometimes, Drive faster: Sometimes, Days/week of moderate physical activity, Daytime dozing: Sometimes, Mobile use: More than eight years, Time spent driving, Days/week of walk 10+ mins"
Musculoskeletal,Gout,"Cereal intake, Days/week of vigorous physical activity, Bread intake, Age first had sexual intercourse, Water intake, Coffee intake, Get up: Very easy, Alcohol vs 10yrs ago: Less now, Cooked vegetable intake, Duration of walks, Raw vegetable intake, Get up: Fairly easy, Hair colour: Light brown, Lamb/mutton: Never, Alcohol: Daily, Days/week of moderate physical activity, Time spent using computer, Facial ageing: Younger than you are, Diet variation: Sometimes, Days/week of walk 10+ mins, Beef: <1/week, Mobile use vs 2yrs: More now, Poultry: 1/week, Smoking: Never, Walking pace: Brisk"
Musculoskeletal,Intervertebral_disc_disorders,"Time spent watching TV, Walking pace: Brisk, Fresh fruit intake, Alcohol vs 10yrs ago: Less now, Bread intake, Smoking: Never, Days/week of moderate physical activity, Tea intake, Non-oily fish: 1/week, Sun protection: Most times, Daytime nap: Never/rarely, Time spent outdoors in winter, Past smoking: Never, Days/week of walk 10+ mins, Ever smoked: Yes, Insomnia: Usually, Time spent using computer, Drive faster than limit: Never/rarely, Time spent driving, Alcohol vs 10yrs ago: About the same, Stair climbing: 6-10 times, Snoring: Yes, Age first had sexual intercourse, Hair colour: Dark brown, Ever smoked: No"
Musculoskeletal,Osteoarthritis,"Sleep duration, Walking pace: Slow, Insomnia: Usually, Time spent watching TV, Walking pace: Brisk, Lamb/mutton: <1/week, Walking pace: Steady/average, Bread intake, Time spent outdoors in summer, Diet change: No, Daytime dozing: Never/rarely, Mobile hand: Right, Tea intake, Insomnia: Never/rarely, Bread: Wholemeal, Chronotype: More morning, Sun protection: Sometimes, Alcohol vs 10yrs ago: Less now, Days/week of moderate physical activity, Diet change: Yes (illness), Raw vegetable intake, Days/week of walk 10+ mins, Get up: Very easy, Age first had sexual intercourse, Cooked vegetable intake"
Musculoskeletal,Osteoporosis,"Time spent outdoors in summer, Walking pace: Steady/average, Time spent driving, Bread: Wholemeal, Days/week of moderate physical activity, Diet change: Yes (other), Diet change: No, Pork: <1/week, Insomnia: Sometimes, Days/week of vigorous physical activity, Time spent watching TV, Smoking: Never, Time spent outdoors in winter, Get up: Very easy, Cereal intake, Daytime nap: Sometimes, Sleep duration, Walking pace: Brisk, Walking pace: Slow, Water intake, Coffee intake, Mobile use: Five to eight years, Mobile freq: 30-59 mins, Milk: Skimmed, Past smoking: Tried once/twice"
Musculoskeletal,Polymyalgia_Rheumatica,"Age first had sexual intercourse, Days/week of moderate physical activity, Time spent watching TV, Days/week of walk 10+ mins, Raw vegetable intake, Pork: <1/week, Coffee intake, Time spent outdoors in summer, Milk: Semi-skimmed, Drive faster than limit: Never/rarely, Get up: Fairly easy, Tea intake, Cereal intake, Alcohol vs 10yrs ago: Less now, Time spent using computer, Beef: <1/week, Days/week of vigorous physical activity, Time spent driving, Salt added: Sometimes, Alcohol: 3-4/week, Cooked vegetable intake, Water intake, Diet variation: Sometimes, Sleep duration, Poultry: 1/week"
Musculoskeletal,Rheumatoid_Arthritis,"Walking pace: Brisk, Time spent using computer, Fresh fruit intake, Time spent watching TV, Alcohol: 3-4/week, Diet change: Yes (other), Water intake, Insomnia: Usually, Mobile freq: Less than 5mins, Non-oily fish: <1/week, Bread: Wholemeal, Age first had sexual intercourse, Skin tanning: Never tan, only burn, Alcohol vs 10yrs ago: Less now, Walking pace: Steady/average, Alcohol vs 10yrs ago: More now, Days/week of walk 10+ mins, Mobile use vs 2yrs: No, Walking pace: Slow, Past smoking: Most/all days, Lamb/mutton: Never, Get up: Fairly easy, Sleep duration, Beef: 1/week, Spread: Butter"
Musculoskeletal,Spinal_stenosis,"Sleep duration, Time spent outdoors in summer, Walking pace: Brisk, Smoking: Previous, Water intake, Spread: Other margarine, Diet variation: Sometimes, Days/week of moderate physical activity, Mobile hand: Left, Smoking: Never, Salt added: Never/rarely, Age first had sexual intercourse, Facial ageing: Younger than you are, Cereal intake, Days/week of walk 10+ mins, Insomnia: Never/rarely, Insomnia: Usually, Time spent watching TV, Coffee intake, Tea intake, Beef: <1/week, Walking pace: Slow, Get up: Very easy, Past smoking: Most/all days, Salt added: Usually"
Musculoskeletal,Spondylosis,"Time spent watching TV, Walking pace: Brisk, Insomnia: Usually, Water intake, Diet change: No, Walking pace: Slow, Sleep duration, Insomnia: Never/rarely, Daytime nap: Never/rarely, Tea intake, Daytime dozing: Never/rarely, Drive faster than limit: Never/rarely, Days/week of moderate physical activity, Get up: Fairly easy, Get up: Very easy, Snoring: No, Bread: Wholemeal, Mobile use: More than eight years, Coffee intake, Ever smoked: No, Snoring: Yes, Insomnia: Sometimes, Cereal intake, Age first had sexual intercourse, Skin tanning: Get very tanned"
Neurological,Migraine,"Days/week of moderate physical activity, Sleep duration, Get up: Fairly easy, Bread intake, Diet change: No, Insomnia: Never/rarely, Tea intake, Water intake, Mobile use: Five to eight years, Salt added: Never/rarely, Cooked vegetable intake, Diet variation: Never/rarely, Cereal intake, Walking pace: Brisk, Drive faster: Sometimes, Poultry: 2-4/week, Time spent outdoors in winter, Processed meat: <1/week, Mobile use: Never, Milk: Semi-skimmed, Raw vegetable intake, Time spent watching TV, Chronotype: More morning, Father: Heart disease, Time spent outdoors in summer"
Neurological,Motor_neuron_disease,"Days/week of walk 10+ mins, Days/week of moderate physical activity, Coffee intake, Spread: Other margarine, Drive faster than limit: Never/rarely, Water intake, Sleep duration, Days/week of vigorous physical activity, Diet variation: Sometimes, Cereal intake, Bread: Wholemeal, Skin colour: Fair, Hair colour: Light brown, Beef: <1/week, Fresh fruit intake, Time spent watching TV, Time spent driving, Time spent outdoors in summer, Daytime nap: Sometimes, Tea intake, Bread intake, Alcohol: 3-4/week, Cooked vegetable intake, Time spent using computer, Daytime dozing: Never/rarely"
Neurological,Postviral_fatigue_syndrome_neurasthenia_and_fibromyalgia,"Get up: Very easy, Get up: Fairly easy, Insomnia: Usually, Snoring: No, Walking pace: Steady/average, Insomnia: Sometimes, Age first had sexual intercourse, Walking pace: Brisk, Days/week of vigorous physical activity, Diet change: No, Sleep duration, Insomnia: Never/rarely, Days/week of moderate physical activity, Snoring: Yes, Sun protection: Sometimes, Stair climbing: 6-10 times, Bread intake, Cereal intake, Raw vegetable intake, Time spent driving, Mobile use: More than eight years, Chronotype: Definite morning, Facial ageing: Younger than you are, Drive faster than limit: Never/rarely, Time spent watching TV"
Psychiatric,Alcohol_Problems,"Tea intake, Time spent driving, Days/week of vigorous physical activity, Alcohol: Daily, Time spent outdoors in summer, Smoking: Never, Alcohol: Special occasions, Diet change: No, Days/week of moderate physical activity, Drive faster than limit: Never/rarely, Daytime nap: Never/rarely, Ever smoked: No, Days/week of walk 10+ mins, Processed meat: <1/week, Dried fruit intake, Cereal intake, Past smoking: Most/all days, Time spent outdoors in winter, Diet variation: Sometimes, Sleep duration, Alcohol: 1-2/week, Fresh fruit intake, Insomnia: Sometimes, Salt added: Never/rarely, Bread intake"
Psychiatric,Anxiety_disorders,"Time spent watching TV, Days/week of moderate physical activity, Alcohol vs 10yrs ago: About the same, Bread intake, Daytime nap: Never/rarely, Insomnia: Usually, Tea intake, Walking pace: Brisk, Alcohol: 3-4/week, Days/week of walk 10+ mins, Mobile use vs 2yrs: No, Insomnia: Never/rarely, Beef: 1/week, Drive faster: Sometimes, Drive faster than limit: Never/rarely, Ever smoked: No, Age first had sexual intercourse, Sun protection: Sometimes, Time spent driving, Cereal intake, Dried fruit intake, Time spent outdoors in summer, Hot drink temp: Hot, Poultry: 1/week, Snoring: No"
Psychiatric,Delirium_not_induced_by_alcohol_and_other_psychoactive_substances,"Time spent watching TV, Daytime nap: Never/rarely, Time spent driving, Walking pace: Brisk, Drive faster: Sometimes, Mother: High blood pressure, Diet change: No, Time spent using computer, Days/week of walk 10+ mins, Cereal intake, Mobile use vs 2yrs: No, Snoring: No, Poultry: 2-4/week, Sleep duration, Beef: <1/week, Processed meat: 1/week, Chronotype: More morning, Coffee intake, Stair climbing: 6-10 times, Days/week of moderate physical activity, Days/week of vigorous physical activity, Skin colour: Light olive, Skin tanning: Get very tanned, Alcohol vs 10yrs ago: About the same, Dried fruit intake"
Psychiatric,Dementia,"Time spent watching TV, Alcohol vs 10yrs ago: Less now, Mother: High blood pressure, Dried fruit intake, Facial ageing: Younger than you are, Time spent using computer, Sleep duration, Drive faster than limit: Never/rarely, Days/week of walk 10+ mins, Alcohol vs 10yrs ago: About the same, Hot drink temp: Hot, Get up: Fairly easy, Mobile use: More than eight years, Walking pace: Brisk, Insomnia: Never/rarely, Oily fish: <1/week, Time spent outdoors in winter, Daytime dozing: Never/rarely, Cheese: 2-4/week, Fresh fruit intake, Coffee intake, Smoking: Never, Cereal intake, Processed meat: <1/week, Insomnia: Usually"
Psychiatric,Depression,"Get up: Very easy, Time spent watching TV, Days/week of moderate physical activity, Water intake, Walking pace: Brisk, Insomnia: Usually, Time spent driving, Alcohol: 3-4/week, Daytime nap: Never/rarely, Smoking: Never, Insomnia: Never/rarely, Mobile use: More than eight years, Days/week of walk 10+ mins, Daytime dozing: Never/rarely, Get up: Fairly easy, Walking pace: Steady/average, Mother: Severe depression, Hot drink temp: Hot, Drive faster: Sometimes, Pork: <1/week, Age first had sexual intercourse, Cereal intake, Cereal: Oat (Porridge), Sleep duration, Get up: Not very easy"
Respiratory,Allergic_and_chronic_rhinitis,"Diet change: No, Water intake, Pork: <1/week, Bread intake, Days/week of walk 10+ mins, Days/week of moderate physical activity, Time spent outdoors in summer, Days/week of vigorous physical activity, Chronotype: More morning, Cereal intake, Duration of walks, Mobile use vs 2yrs: No, Time spent using computer, Fresh fruit intake, Time spent watching TV, Lamb/mutton: <1/week, Facial ageing: Younger than you are, Non-oily fish: <1/week, Father: Heart disease, Time spent outdoors in winter, Coffee intake, Sleep duration, Tea intake, Age first had sexual intercourse, Dried fruit intake"
Respiratory,Asthma,"Sleep duration, Get up: Very easy, Water intake, Facial ageing: Younger than you are, Cooked vegetable intake, Processed meat: <1/week, Insomnia: Usually, Father: Chronic bronchitis, Mobile use: More than eight years, Insomnia: Never/rarely, Walking pace: Brisk, Mobile hand: Left, Milk: Semi-skimmed, Walking pace: Steady/average, Walking pace: Slow, Bread intake, Facial ageing: About your age, Daytime dozing: Never/rarely, Tea intake, Fresh fruit intake, Coffee intake, Mobile freq: 5-29 mins, Mother: High blood pressure, Raw vegetable intake, Time spent outdoors in summer"
Respiratory,Bronchiectasis,"Days/week of walk 10+ mins, Time spent watching TV, Mobile hand: Right, Cereal intake, Mobile use: More than eight years, Walking pace: Brisk, Get up: Fairly easy, Stair climbing: 6-10 times, Sleep duration, Pork: <1/week, Mother: High blood pressure, Duration of walks, Days/week of moderate physical activity, Insomnia: Never/rarely, Raw vegetable intake, Cooked vegetable intake, Time spent outdoors in winter, Salt added: Never/rarely, Poultry: 2-4/week, Alcohol: Daily, Computer games: Sometimes, Days/week of vigorous physical activity, Past smoking: Most/all days, Bread intake, Processed meat: <1/week"
Respiratory,COPD,"Tea intake, Past smoking: Most/all days, Smoking: Never, Walking pace: Brisk, Daytime nap: Sometimes, Daytime nap: Never/rarely, Time spent watching TV, Days/week of moderate physical activity, Days/week of vigorous physical activity, Cereal intake, Smoking: Previous, Salt added: Never/rarely, Bread intake, Time spent outdoors in summer, Sleep duration, Spread: Butter, Diet change: No, Skin tanning: Get very tanned, Raw vegetable intake, Mobile use vs 2yrs: More now, Ever smoked: No, Days/week of walk 10+ mins, Past smoking: Never, Insomnia: Never/rarely, Past smoking: Occasional"
Respiratory,Pleural_effusion,"Days/week of moderate physical activity, Time spent watching TV, Walking pace: Brisk, Smoking: Never, Time spent outdoors in winter, Days/week of walk 10+ mins, Age first had sexual intercourse, Mother: High blood pressure, Coffee intake, Past smoking: Never, Cereal intake, Poultry: 1/week, Past smoking: Most/all days, Fresh fruit intake, Processed meat: 1/week, Hair colour: Dark brown, Snoring: No, Bread intake, Processed meat: <1/week, Ever smoked: No, Oily fish: <1/week, Diet variation: Sometimes, Insomnia: Usually, Insomnia: Sometimes, Mobile use vs 2yrs: More now"
Respiratory,Pulmonary_collapse,"Days/week of moderate physical activity, Mobile freq: 5-29 mins, Mobile hand: Left, Coffee intake, Insomnia: Sometimes, Lamb/mutton: <1/week, Days/week of walk 10+ mins, Time spent watching TV, Walking pace: Brisk, Daytime dozing: Sometimes, Past smoking: Most/all days, Raw vegetable intake, Daytime nap: Never/rarely, Bread intake, Smoking: Never, Cereal intake, Sleep duration, Beef: <1/week, Cooked vegetable intake, Tea intake, Age first had sexual intercourse, Dried fruit intake, Bread: Wholemeal, Mobile use vs 2yrs: More now, Snoring: No"
Respiratory,Respiratory_failure,"Time spent watching TV, Days/week of walk 10+ mins, Walking pace: Brisk, Smoking: Never, Water intake, Fresh fruit intake, Sun protection: Most times, Mother: High blood pressure, Past smoking: Never, Insomnia: Usually, Processed meat: <1/week, Dried fruit intake, Oily fish: 1/week, Current smoking: No, Drive faster: Sometimes, Time spent outdoors in winter, Non-oily fish: <1/week, Walking pace: Slow, Tea intake, Days/week of vigorous physical activity, Mobile use vs 2yrs: No, Past smoking: Most/all days, Time spent outdoors in summer, Lamb/mutton: <1/week, Sleep duration"
Respiratory,Sleep_apnoea,"Snoring: Yes, Snoring: No, Daytime dozing: Never/rarely, Insomnia: Usually, Mobile hand: Right, Processed meat: <1/week, Daytime nap: Never/rarely, Get up: Very easy, Diet change: No, Time spent outdoors in summer, Sun protection: Most times, Fresh fruit intake, Mobile freq: Less than 5mins, Non-oily fish: 1/week, Poultry: 2-4/week, Beef: <1/week, Ethnicity, Coffee intake, Walking pace: Brisk, Time spent using computer, Diet change: Yes (illness), Bread: Wholemeal, Past smoking: Most/all days, Age first had sexual intercourse, Sun protection: Sometimes"
Skin,Actinic_keratosis,"Time spent outdoors in winter, Time spent outdoors in summer, Bread intake, Hair colour: Dark brown, Water intake, Tea intake, Cereal intake, Bread: Wholemeal, Days/week of vigorous physical activity, Coffee intake, Chronotype: More morning, Fresh fruit intake, Days/week of walk 10+ mins, Age first had sexual intercourse, Days/week of moderate physical activity, Facial ageing: About your age, Non-oily fish: 1/week, Daytime nap: Sometimes, Pork: <1/week, Cheese: 1/week, Duration of walks, Mobile use: More than eight years, Drive faster than limit: Never/rarely, Hair colour: Light brown, Cooked vegetable intake"
Skin,Dermatitis,"Time spent watching TV, Fresh fruit intake, Tea intake, Pork: <1/week, Milk: Semi-skimmed, Past smoking: Never, Non-oily fish: 1/week, Cereal intake, Chronotype: More evening, Dried fruit intake, Ever smoked: No, Water intake, Mother: High blood pressure, Sleep duration, Time spent outdoors in winter, Hair colour: Dark brown, Days/week of vigorous physical activity, Time spent using computer, Smoking: Previous, Time spent outdoors in summer, Walking pace: Steady/average, Insomnia: Never/rarely, Past smoking: Most/all days, Bread: Wholemeal, Skin tanning: Get moderately tanned"
Skin,Psoriasis,"Cereal intake, Time spent outdoors in winter, Tea intake, Smoking: Never, Past smoking: Most/all days, Days/week of vigorous physical activity, Days/week of moderate physical activity, Diet change: No, Bread intake, Smoking: Previous, Time spent watching TV, Days/week of walk 10+ mins, Alcohol: Daily, Hot drink temp: Hot, Coffee intake, Sun protection: Most times, Duration of walks, Bread: Wholemeal, Cheese: 1/week, Water intake, Diet change: Yes (other), Lamb/mutton: 1/week, Salt added: Never/rarely, Ever smoked: Yes, Time spent using computer"
