Category,Disease_Name,hidden_dim,num_layers,gat_heads,dropout,neuron_min,neuron_ratio,fusion_heads,lr,weight_decay,l2_reg,fusion_type,batch_size,epochs,patience
Benign_neoplasm_or_Carcinoma_in_situ,Leiomyoma_of_uterus_filtered,128,4,4,0.4,64,0.6,4,8.431181290512173e-05,9.999999999999999e-05,0.01,bottleneck,512,30,10
Benign_neoplasm_or_Carcinoma_in_situ,Benign_neoplasm_and_polyp_of_uterus_filtered,128,6,8,0.45028416162979873,64,0.24029037780428802,4,0.0001,1e-05,0.004699102375575372,bottleneck,512,30,10
Benign_neoplasm_or_Carcinoma_in_situ,Benign_neoplasm_of_colon_rectum_anus_and_anal_canal,128,6,8,0.4,16,0.4206244090505509,4,0.0001,9.999999999999999e-05,0.003534767610919446,bottleneck,512,30,10
Cancers,Primary_Malignancy_colorectal_and_anus,64,4,8,0.4,64,0.6,4,0.0001,1e-05,0.01,bottleneck,512,30,10
Cancers,Secondary_Malignancy_Bone,64,4,4,0.46118340513399975,64,0.5558147195516814,6,0.0001,4.593590378834447e-05,0.01,bottleneck,512,30,10
Cancers,Primary_Malignancy_Other_Skin_and_subcutaneous_tissue,128,8,4,0.4,64,0.2,4,5.599493231516969e-05,9.999999999999999e-05,0.01,bottleneck,512,30,10
Cancers,Secondary_Malignancy_Other_organs,64,4,4,0.4,32,0.6,8,0.0001,2.8360629352075418e-05,0.0015804032711563439,bottleneck,512,30,10
Cancers,Primary_Malignancy_Lung_and_trachea,128,6,4,0.48800667543192777,16,0.47534862399946765,8,0.0001,1e-05,0.01,bottleneck,512,30,10
Cancers,Secondary_malignancy_Liver_and_intrahepatic_bile_duct,64,4,8,0.4,16,0.3904812664207189,8,0.0001,1e-05,0.0001,bottleneck,512,30,10
Cancers,Primary_Malignancy_Prostate_filtered,128,6,4,0.4423016687535864,64,0.5299521859063743,8,0.0001,9.999999999999999e-05,0.0018820619048962961,bottleneck,512,30,10
Cancers,Secondary_Malignancy_retroperitoneum_and_peritoneum,64,4,4,0.43976848081776104,64,0.5160702162124824,6,7.12199651830162e-05,4.477927166527375e-05,0.00675957437775083,bottleneck,512,30,10
Cancers,Secondary_Malignancy_Lymph_Nodes,128,4,4,0.5996574800494602,64,0.33712783622969716,8,0.0001,9.999999999999999e-05,0.0001,bottleneck,512,30,10
Cancers,Primary_Malignancy_Breast,64,4,4,0.43976848081776104,64,0.5160702162124824,6,7.12199651830162e-05,4.477927166527375e-05,0.00675957437775083,bottleneck,512,30,10
Cancers,Secondary_Malignancy_Lung,64,4,4,0.4,32,0.6,6,0.0001,5.896183261743729e-05,0.01,bottleneck,512,30,10
Cardiovascular,Nonrheumatic_mitral_valve_disorders,128,4,4,0.3,64,0.6,6,0.00025947927159373796,1e-06,0.008032326393773125,bottleneck,512,30,10
Cardiovascular,Primary_pulmonary_hypertension,128,6,4,0.4,16,0.2,6,5.388979269251301e-05,1.0959528071963085e-05,0.0012351831639580886,bottleneck,512,30,10
Cardiovascular,Coronary_heart_disease_not_otherwise_specified,64,4,8,0.14655426808606087,16,0.447354403733235,6,0.000890620438616169,8.580760619921308e-06,0.005246634533625288,bottleneck,256,30,10
Cardiovascular,Pulmonary_embolism,64,4,4,0.43976848081776104,64,0.5160702162124824,6,7.12199651830162e-05,4.477927166527375e-05,0.00675957437775083,bottleneck,512,30,10
Cardiovascular,Unstable_Angina,64,4,4,0.43976848081776104,64,0.5160702162124824,6,7.12199651830162e-05,4.477927166527375e-05,0.00675957437775083,bottleneck,512,30,10
Cardiovascular,Myocardial_infarction,64,4,8,0.29643016971798575,16,0.588809222293344,4,0.001,9.999999999999999e-05,0.007281615509515631,bottleneck,512,30,10
Cardiovascular,Right_bundle_branch_block,64,4,8,0.4,16,0.3872064682020859,6,9.458042185789166e-05,2.5632867010868655e-05,0.004379385517366029,bottleneck,512,30,10
Cardiovascular,Stable_angina,64,4,8,0.4,32,0.6,4,8.149404786412688e-05,1e-05,0.0009445596770756131,bottleneck,512,30,10
Cardiovascular,Atrial_fibrillation,128,4,8,0.4161011040125186,64,0.21850520742789692,8,0.0001,1e-05,0.01,bottleneck,512,30,10
Cardiovascular,Multiple_valve_dz,128,6,4,0.3,64,0.6,8,0.001,1e-06,0.0001,bottleneck,512,30,10
Cardiovascular,Nonrheumatic_aortic_valve_disorders,64,4,4,0.3,64,0.5335984921297757,6,0.001,1e-06,0.0015356988250069454,bottleneck,512,30,10
Cardiovascular,Hypertension,64,4,4,0.3,32,0.6,4,0.0007749429211564641,9.999999999999999e-05,0.01,bottleneck,512,30,10
Cardiovascular,Venous_thromboembolic_disease,64,4,8,0.44655426808606086,16,0.447354403733235,6,9.256818992066886e-05,2.9292935359777943e-05,0.005246634533625288,bottleneck,512,30,10
Cardiovascular,Raynaud_syndrome,64,8,8,0.4,32,0.31643036068266484,8,0.0001,2.30161140067492e-05,0.0025710166521967096,bottleneck,512,30,10
Cardiovascular,Peripheral_arterial_disease,64,8,8,0.44678857196534993,16,0.2,6,0.0001,6.138869100788546e-05,0.01,bottleneck,512,30,10
Cardiovascular,Left_bundle_branch_block,64,4,8,0.36983140212909127,16,0.447354403733235,6,0.000890620438616169,8.580760619921308e-06,0.005246634533625288,bottleneck,512,30,10
Cardiovascular,Transient_ischaemic_attack,32,6,8,0.6,64,0.6,6,0.0001,9.999999999999999e-05,0.0001,bottleneck,512,30,10
Cardiovascular,Ischaemic_stroke,64,6,4,0.3508808833599303,16,0.6,4,0.001,9.999999999999999e-05,0.01,bottleneck,512,30,10
Cardiovascular,Supraventricular_tachycardia,64,4,8,0.44655426808606086,16,0.447354403733235,6,9.256818992066886e-05,2.9292935359777943e-05,0.005246634533625288,bottleneck,512,30,10
Cardiovascular,Heart_failure,64,4,4,0.44359141663039,64,0.44493857241837165,6,6.334354899778108e-05,4.118689846899188e-05,0.0009251068257761375,bottleneck,512,30,10
Digestive,Peptic_ulcer_disease,128,4,8,0.4450112594032933,32,0.6,8,3.0449163161414165e-05,1e-05,0.0001,bottleneck,512,30,10
Digestive,Barrett_oesophagus,64,4,8,0.4,32,0.5933976860626471,4,0.0001,9.999999999999999e-05,0.01,bottleneck,512,30,10
Digestive,Gastritis_and_duodenitis,64,4,4,0.43976848081776104,64,0.5160702162124824,6,7.12199651830162e-05,4.477927166527375e-05,0.00675957437775083,bottleneck,512,30,10
Digestive,Irritable_bowel_syndrome,64,4,4,0.4,64,0.3313219703697426,8,0.0001,2.933877336070558e-05,0.01,bottleneck,512,30,10
Digestive,Cholelithiasis,64,4,4,0.43976848081776104,64,0.5160702162124824,6,7.12199651830162e-05,4.477927166527375e-05,0.00675957437775083,bottleneck,512,30,10
Digestive,Diverticular_disease_of_intestine,64,4,4,0.43976848081776104,64,0.5160702162124824,6,7.12199651830162e-05,4.477927166527375e-05,0.00675957437775083,bottleneck,512,30,10
Digestive,Diaphragmatic_hernia,128,6,8,0.4777662895958377,64,0.2227795513408844,4,0.0001,9.999999999999999e-05,0.01,bottleneck,512,30,10
Digestive,Anal_fissure,64,4,4,0.4,32,0.2,6,0.0001,9.999999999999999e-05,0.01,bottleneck,512,30,10
Digestive,Hearing_loss,64,4,8,0.4,32,0.6,6,0.0001,9.999999999999999e-05,0.0003549802562112058,bottleneck,512,30,10
Digestive,Fatty_Liver,32,4,4,0.4,64,0.2704894464471044,6,0.0001,9.999999999999999e-05,0.0001,bottleneck,512,30,10
Digestive,Cholecystitis,64,4,8,0.44655426808606086,16,0.447354403733235,6,9.256818992066886e-05,2.9292935359777943e-05,0.005246634533625288,bottleneck,512,30,10
Digestive,Abdominal_Hernia,128,6,4,0.4,64,0.384034543067329,8,0.0001,1.6335105348234007e-05,0.0012893564128526836,bottleneck,512,30,10
Digestive,Oesophagitis_and_oesophageal_ulcer,128,4,8,0.4179450685134831,32,0.44705320382494657,4,6.727805457079522e-05,4.820396534189378e-05,0.00011969912119528374,bottleneck,512,30,10
Endocrine,Diabetes_NOS,64,4,4,0.4,16,0.6,8,0.0001,9.999999999999999e-05,0.01,bottleneck,512,30,10
Endocrine,Hypo_or_hyperthyroidism,64,4,4,0.4098377340366191,64,0.6,4,7.11310588346002e-05,2.135741184091434e-05,0.008585851626487333,bottleneck,512,30,10
Endocrine,Hypothyroidism,128,4,8,0.4,64,0.6,4,8.06670444688382e-05,1e-05,0.01,bottleneck,512,30,10
Endocrine,Diabetes_Type_II,64,4,4,0.4,64,0.6,8,0.0001,9.999999999999999e-05,0.000520517325159438,bottleneck,512,30,10
Endocrine,Obesity,64,4,8,0.44655426808606086,16,0.447354403733235,6,9.256818992066886e-05,2.9292935359777943e-05,0.005246634533625288,bottleneck,512,30,10
Eye,Macular_degeneration,128,4,8,0.4,64,0.2,6,0.0001,9.999999999999999e-05,0.0001,bottleneck,512,30,10
Eye,Cataract,128,4,4,0.42690608020335136,64,0.2,6,0.0001,1.2003326059074507e-05,0.01,bottleneck,512,30,10
Eye,Retinal_detachments_and_breaks,32,8,4,0.5211438955180567,64,0.5573839798367322,8,0.0001,1e-05,0.0001,bottleneck,512,30,10
Eye,Glaucoma,128,6,4,0.5885028644469542,64,0.25708109285107567,4,0.0001,9.999999999999999e-05,0.009999999999999069,bottleneck,512,30,10
Eye,Diabetic_ophthalmic_complications,64,6,4,0.46523667750461695,64,0.6,8,0.0001,9.999999999999999e-05,0.01,bottleneck,512,30,10
Genitourinary,Acute_kidney_injury,32,8,8,0.4,64,0.386664008530787,4,8.657097054443275e-05,3.287435903634101e-05,0.0007511452610899489,bottleneck,512,30,10
Genitourinary,Urinary_incontinence,64,4,4,0.43976848081776104,64,0.5160702162124824,6,7.12199651830162e-05,4.477927166527375e-05,0.00675957437775083,bottleneck,512,30,10
Genitourinary,Hyperplasia_of_prostate_filtered,64,4,8,0.4,64,0.2,6,0.0001,4.376152443129371e-05,0.005043877530499314,bottleneck,512,30,10
Genitourinary,Urolithiasis,64,4,4,0.43976848081776104,64,0.5160702162124824,6,7.12199651830162e-05,4.477927166527375e-05,0.00675957437775083,bottleneck,512,30,10
Genitourinary,Menorrhagia_and_polymenorrhoea_filtered,32,4,4,0.4,64,0.6,4,0.0001,9.999999999999999e-05,0.01,bottleneck,512,30,10
Genitourinary,Female_genital_prolapse_filtered,64,4,8,0.44655426808606086,16,0.447354403733235,6,9.256818992066886e-05,2.9292935359777943e-05,0.005246634533625288,bottleneck,512,30,10
Genitourinary,Obstructive_and_reflux_uropathy,128,4,4,0.4011078048619126,64,0.6,4,0.0001,8.086559244642347e-05,0.0001,bottleneck,512,30,10
Genitourinary,Chronic_kidney_disease,64,8,8,0.41033447332496054,64,0.4112921455071019,6,7.56425773715224e-05,1.618866274073018e-05,0.00032181157583725806,bottleneck,512,30,10
Genitourinary,Postmenopausal_bleeding_filtered,64,4,4,0.43976848081776104,64,0.5160702162124824,6,7.12199651830162e-05,4.477927166527375e-05,0.00675957437775083,bottleneck,512,30,10
Haematological_or_immunological,Other_anaemias,64,6,4,0.40025942020189176,64,0.2,4,8.228094009269085e-05,2.9492459410848168e-05,0.0008087458815760271,bottleneck,512,30,10
Haematological_or_immunological,Agranulocytosis,32,4,8,0.4,64,0.6,6,6.300141402050596e-05,4.979894360687479e-05,0.0031740110944103654,bottleneck,512,30,10
Haematological_or_immunological,Iron_deficiency_anaemia,64,4,4,0.4,64,0.2,6,5.787997502278889e-05,1e-05,0.01,bottleneck,512,30,10
Haematological_or_immunological,Secondary_or_other_thrombocytopaenia,64,4,4,0.4724900366560943,64,0.3614161985589245,6,0.0001,9.999999999999999e-05,0.0007203286061921823,bottleneck,512,30,10
Infections,Bacterial_Diseases,128,6,4,0.46624265854569363,64,0.5432911809602428,8,9.457519429612695e-05,1.1139220755887738e-05,0.008708126941468329,bottleneck,512,30,10
Infections,Ear_and_Upper_Respiratory_Tract_Infections,128,4,8,0.4,32,0.6,4,0.0001,1e-05,0.01,bottleneck,512,30,10
Infections,Mycoses,64,4,4,0.43976848081776104,64,0.5160702162124824,6,7.12199651830162e-05,4.477927166527375e-05,0.00675957437775083,bottleneck,512,30,10
Infections,Viral_diseases,64,8,8,0.4349630882441577,16,0.36322152680661757,6,6.921040395454905e-05,1.7042463433335056e-05,0.0004664478502931513,bottleneck,512,30,10
Infections,Infections_of_the_digestive_system,64,6,4,0.49702026772024194,32,0.6,6,0.0001,1e-05,0.001652086799435143,bottleneck,512,30,10
Infections,Lower_Respiratory_Tract_Infections,64,4,4,0.43976848081776104,64,0.5160702162124824,6,7.12199651830162e-05,4.477927166527375e-05,0.00675957437775083,bottleneck,512,30,10
Infections,Infection_of_skin_and_subcutaneous_tissues,64,6,4,0.4,64,0.3101421045069005,8,5.343786752779435e-05,1e-05,0.01,bottleneck,512,30,10
Infections,Septicaemia,64,6,8,0.4,32,0.2,6,0.0001,9.999999999999999e-05,0.006331213910150155,bottleneck,512,30,10
Infections,Urinary_Tract_Infections,128,8,8,0.4,64,0.6,4,3.1229116390249417e-05,4.501242572937176e-05,0.0001,bottleneck,512,30,10
Musculoskeletal,Rheumatoid_Arthritis,128,6,4,0.42510704492615486,64,0.6,6,9.575065142905243e-05,3.4563338965450666e-05,0.0063138949002643965,bottleneck,512,30,10
Musculoskeletal,Fracture_of_wrist,64,4,4,0.4,64,0.5183733883878374,6,0.0001,6.167522766584425e-05,0.0031277680081444265,bottleneck,512,30,10
Musculoskeletal,Carpal_tunnel_syndrome,64,4,4,0.4,16,0.38158637528296324,8,0.0001,9.999999999999999e-05,0.007358951367430706,bottleneck,512,30,10
Musculoskeletal,Spondylosis,128,4,8,0.6,32,0.2,8,6.719423301904162e-05,1.6528717735088713e-05,0.0025082019323413402,bottleneck,512,30,10
Musculoskeletal,Spinal_stenosis,32,6,4,0.4,64,0.6,8,0.0001,9.999999999999999e-05,0.0019151469417407765,bottleneck,512,30,10
Musculoskeletal,Osteoporosis,128,4,8,0.4292727438279448,64,0.6,8,6.762354869607184e-05,7.886297858535198e-05,0.01,bottleneck,512,30,10
Musculoskeletal,Intervertebral_disc_disorders,128,4,8,0.6,16,0.3422288142410548,4,0.0001,9.999999999999999e-05,0.01,bottleneck,512,30,10
Musculoskeletal,Osteoarthritis,64,6,4,0.4,64,0.6,6,0.0001,1.926671623431484e-05,0.0002837508620036555,bottleneck,512,30,10
Musculoskeletal,Polymyalgia_Rheumatica,64,6,8,0.6,64,0.6,6,0.0001,2.8430324281170405e-05,0.0001,bottleneck,512,30,10
Musculoskeletal,Fracture_of_hip,32,8,8,0.4,64,0.20259400742639874,8,0.0001,5.0111299250761725e-05,0.01,bottleneck,512,30,10
Musculoskeletal,Gout,64,4,4,0.43976848081776104,64,0.5160702162124824,6,7.12199651830162e-05,4.477927166527375e-05,0.00675957437775083,bottleneck,512,30,10
Musculoskeletal,Enthesopathies_and_synovial_disorders,32,8,4,0.6,16,0.22905714097054844,4,3.280154258749483e-05,2.52578069175455e-05,0.008379665084421542,bottleneck,512,30,10
Neurological,Motor_neuron_disease,64,4,4,0.43976848081776104,64,0.5160702162124824,6,7.12199651830162e-05,4.477927166527375e-05,0.00675957437775083,bottleneck,512,30,10
Neurological,Migraine,32,8,8,0.4,16,0.2,4,0.0001,1e-05,0.0001,bottleneck,512,30,10
Neurological,Postviral_fatigue_syndrome_neurasthenia_and_fibromyalgia,64,4,4,0.43976848081776104,64,0.5160702162124824,6,7.12199651830162e-05,4.477927166527375e-05,0.00675957437775083,bottleneck,512,30,10
Psychiatric,Anxiety_disorders,64,4,4,0.4072272276094684,16,0.6,4,9.00890399163189e-05,3.227368534690792e-05,0.0023174160735341546,bottleneck,512,30,10
Psychiatric,Dementia,64,6,4,0.4,64,0.6,4,0.0001,9.999999999999999e-05,0.0001,bottleneck,512,30,10
Psychiatric,Depression,128,6,4,0.41527648745883533,16,0.5556546284827779,4,0.0001,9.999999999999999e-05,0.00017655179411736735,bottleneck,512,30,10
Psychiatric,Delirium_not_induced_by_alcohol_and_other_psychoactive_substances,64,6,8,0.45760905752405623,64,0.5205617387034412,6,0.0001,4.411967474460954e-05,0.01,bottleneck,512,30,10
Psychiatric,Alcohol_Problems,64,4,8,0.4,64,0.6,4,7.574667116227455e-05,1.2736082438979874e-05,0.01,bottleneck,512,30,10
Respiratory,COPD,128,6,4,0.4197027823791025,64,0.6,6,3.047069134879196e-05,6.042259376579039e-05,0.001180995838470681,bottleneck,512,30,10
Respiratory,Sleep_apnoea,128,4,8,0.5929122841167839,16,0.5538285871985104,6,9.770880786075635e-05,2.912990886566438e-05,0.00024249329404223626,bottleneck,512,30,10
Respiratory,Bronchiectasis,64,4,4,0.4,64,0.5869394879451344,6,0.0001,4.5662565738624083e-05,0.01,bottleneck,512,30,10
Respiratory,Asthma,128,6,4,0.4,64,0.6,8,0.0001,9.999999999999999e-05,0.01,bottleneck,512,30,10
Respiratory,Respiratory_failure,128,4,4,0.6,64,0.6,8,0.0001,9.999999999999999e-05,0.01,bottleneck,512,30,10
Respiratory,Pleural_effusion,128,8,8,0.47024182815057364,64,0.5547747409896404,8,5.2631925592134735e-05,9.373023692036213e-05,0.003639317611986318,bottleneck,512,30,10
Respiratory,Pulmonary_collapse,128,6,4,0.4,64,0.47983841744824,4,4.3354488157914304e-05,1e-05,0.0010007196078302594,bottleneck,512,30,10
Respiratory,Allergic_and_chronic_rhinitis,128,6,4,0.5884403511369706,32,0.3541666010159665,4,2.8959272747088363e-06,1.741909011920913e-05,0.0023255572624036793,bottleneck,512,30,10
Skin,Psoriasis,32,4,4,0.4,64,0.5741996617975564,6,0.0001,9.999999999999999e-05,0.01,bottleneck,512,30,10
Skin,Actinic_keratosis,64,8,4,0.4,32,0.2,8,0.0001,1e-05,0.01,bottleneck,512,30,10
Skin,Dermatitis,64,4,4,0.43976848081776104,64,0.5160702162124824,6,7.12199651830162e-05,4.477927166527375e-05,0.00675957437775083,bottleneck,512,30,10
Ear,Hearing_loss,64,4,8,0.4,32,0.6,6,0.0001,9.999999999999999e-05,0.0003549802562112058,bottleneck,512,30,10
