Disease_Type,Disease,Trait_Only_Test_Cindex,Trait_LS_Best_Count,Trait_LS_Best_Test_Cindex,Trait_Protein_Best_Count,Trait_Protein_Best_Test_Cindex,Combined_Test_Cindex,improve_ls,improve_Protein,improve_Combined
Cancers,Primary Malignancy Breast,0.7212434456690001,27,0.7238030025970217,8,0.7257057314625425,0.7280668051532306,0.0025595569280215,0.0044622857935423,0.0068233594842305
Cancers,Primary Malignancy Lung and trachea,0.8346198879724439,10,0.8719467301511107,2,0.8352069460976852,0.8724510811924091,0.0373268421786667,0.0005870581252412,0.0378311932199652
Cancers,Primary Malignancy Other Skin and subcutaneous tissue,0.7008656666043338,2,0.7052847623521685,3,0.699886888662869,0.7043192111396424,0.0044190957478347,-0.0009787779414648,0.0034535445353085
Cancers,Primary Malignancy colorectal and anus,0.6210627306458903,140,0.6256344139091984,25,0.6252705426717717,0.6306014451605755,0.004571683263308,0.0042078120258813,0.0095387145146851
Cancers,Secondary Malignancy Bone,0.6813114832990005,1,0.6707429394882023,5,0.6807861306911528,0.6840010747671672,-0.0105685438107981,-0.0005253526078476,0.0026895914681667
Cancers,Secondary Malignancy Lung,0.6871802610479395,13,0.6956789949438752,40,0.676250474685381,0.6873394568438439,0.0084987338959356,-0.0109297863625584,0.0001591957959043
Cancers,Secondary Malignancy Lymph Nodes,0.5867997885191752,236,0.6100830793240094,15,0.5765079483809987,0.600131240511838,0.0232832908048341,-0.0102918401381765,0.0133314519926627
Cancers,Secondary Malignancy Other organs,0.6623200991159391,84,0.6587184018160867,15,0.6727148053135424,0.6672274116869883,-0.0036016972998524,0.0103947061976032,0.0049073125710491
Cancers,Secondary Malignancy retroperitoneum and peritoneum,0.655847025076251,6,0.6574854961868526,1,0.65019358321212,0.652596355715422,0.0016384711106015,-0.005653441864131,-0.003250669360829
Cancers,Secondary malignancy Liver and intrahepatic bile duct,0.6544443885748218,1,0.6529299227323119,1,0.650108107719825,0.6484846961131504,-0.0015144658425099,-0.0043362808549968,-0.0059596924616713
Digestive,Abdominal Hernia,0.7149028100488914,10,0.7138456118731812,21,0.7248000516493766,0.7236905725150931,-0.0010571981757102,0.0098972416004851,0.0087877624662016
Digestive,Anal fissure,0.6048200246507117,201,0.5948367658937,23,0.5850854809543906,0.5955997641133709,-0.0099832587570116,-0.0197345436963211,-0.0092202605373408
Digestive,Barrett oesophagus,0.6519922865662603,32,0.6362226465405207,19,0.7321621587520556,0.7104108223597051,-0.0157696400257395,0.0801698721857953,0.0584185357934448
Digestive,Cholecystitis,0.6907290478409195,235,0.7073097583050829,9,0.6950134691494888,0.7109193832575527,0.0165807104641634,0.0042844213085693,0.0201903354166331
Digestive,Cholelithiasis,0.6908557825792275,7,0.6973999815840625,31,0.6838909353837082,0.6902851904162656,0.0065441990048349,-0.0069648471955193,-0.0005705921629619
Digestive,Diaphragmatic hernia,0.622635650626786,84,0.6255651068389229,21,0.6465068605382214,0.6423418450414352,0.0029294562121368,0.0238712099114353,0.0197061944146491
Digestive,Diverticular disease of intestine,0.652391288488686,32,0.6653407949560057,3,0.6529135352318614,0.6656773770178933,0.0129495064673197,0.0005222467431753,0.0132860885292073
Digestive,Fatty Liver,0.7138680354601018,25,0.7255142821242304,20,0.7370367522537644,0.7431955725508655,0.0116462466641286,0.0231687167936626,0.0293275370907637
Digestive,Gastritis and duodenitis,0.6295942180020235,6,0.643872469281013,1,0.6477489873548959,0.6590424828306156,0.0142782512789895,0.0181547693528724,0.029448264828592
Digestive,Gastro-oesophageal reflux disease,0.6123985910560423,7,0.6285405327421842,2,0.6372886578497463,0.651160579847987,0.0161419416861419,0.0248900667937039,0.0387619887919447
Digestive,Irritable bowel syndrome,0.6693107102417953,6,0.6852657168006502,2,0.6674474106891688,0.6844822840342049,0.0159550065588548,-0.0018632995526265,0.0151715737924095
Digestive,Oesophagitis and oesophageal ulcer,0.6076604023546873,13,0.6185136051484783,13,0.6050772265701186,0.6158797078197525,0.0108532027937909,-0.0025831757845686,0.0082193054650652
Digestive,Peptic ulcer disease,0.6462791629062413,20,0.661191671880508,6,0.6449909288389098,0.660339001194108,0.0149125089742666,-0.0012882340673314,0.0140598382878667
Infections,Bacterial Diseases,0.6741730796237388,15,0.6845706378685921,6,0.675555263520678,0.6863867512365315,0.0103975582448532,0.0013821838969391,0.0122136716127926
Infections,Ear and Upper Respiratory Tract Infections,0.5749031677110574,196,0.6154894656337889,36,0.5755466604167695,0.6179102728573543,0.0405862979227314,0.000643492705712,0.0430071051462969
Infections,Infection of skin and subcutaneous tissues,0.6770043977525244,93,0.6846780050677522,18,0.6770287515383475,0.6876697323573058,0.0076736073152278,2.4353785823105767e-05,0.0106653346047813
Infections,Infections of the digestive system,0.6688926172416421,43,0.6913379733943419,14,0.6801690813240765,0.6931189283347962,0.0224453561526998,0.0112764640824344,0.024226311093154
Infections,Lower Respiratory Tract Infections,0.7473160659590123,50,0.7614093006542285,25,0.7550931149149275,0.7649954084222654,0.0140932346952161,0.0077770489559151,0.017679342463253
Infections,Mycoses,0.7150888936513654,45,0.7161091529226153,6,0.7166130128085287,0.7176287122618065,0.0010202592712499,0.0015241191571633,0.002539818610441
Infections,Septicaemia,0.7351584344830349,83,0.738334334815527,19,0.7457164603613348,0.7463141449345031,0.0031759003324921,0.0105580258782999,0.0111557104514682
Infections,Urinary Tract Infections,0.7126933226091321,40,0.7234754214963712,8,0.714970839826502,0.7229524666288019,0.0107820988872391,0.0022775172173699,0.0102591440196697
Infections,Viral diseases,0.5631692094674433,24,0.5621047207083405,1,0.5636780298889704,0.5625810078548339,-0.0010644887591028,0.0005088204215271,-0.0005882016126094
Psychiatric,Alcohol Problems,0.6353002945772047,118,0.6988436519495862,21,0.6414220481067041,0.6978147773253803,0.0635433573723814,0.0061217535294993,0.0625144827481756
Psychiatric,Anxiety disorders,0.6094418009444504,52,0.6497404563642263,1,0.6091709923939296,0.649623751847446,0.0402986554197758,-0.0002708085505208,0.0401819509029955
Psychiatric,"Delirium, not induced by alcohol and other psychoactive substances",0.7671966207318591,54,0.7815714859346204,6,0.812197418556166,0.8161690054900833,0.0143748652027613,0.0450007978243068,0.0489723847582241
Psychiatric,Dementia,0.8133382452946816,113,0.7954044267503764,23,0.8686813963591634,0.8585024915820746,-0.0179338185443052,0.0553431510644818,0.045164246287393
Psychiatric,Depression,0.6344903761781416,79,0.703567472179556,21,0.6384274900534107,0.7066955589472267,0.0690770960014143,0.003937113875269,0.072205182769085
Cardiovascular,Atrial fibrillation,0.7971388646722407,20,0.7999412881915283,20,0.8015425462340695,0.8047477256572378,0.0028024235192876,0.0044036815618287,0.0076088609849971
Cardiovascular,Coronary heart disease not otherwise specified,0.8022284316714191,51,0.8199348998313617,45,0.8141765466976136,0.8268491789843772,0.0177064681599425,0.0119481150261945,0.024620747312958
Cardiovascular,Heart_failure,0.7951361264687683,48,0.8103376894250921,21,0.8071324428689558,0.8124737744925259,0.0152015629563238,0.0119963164001875,0.0173376480237575
Cardiovascular,Hypertension,0.7740199091137583,35,0.7815935179800285,20,0.7801506025754159,0.7863781630852155,0.0075736088662702,0.0061306934616576,0.0123582539714571
Cardiovascular,Ischaemic stroke,0.720343533136057,110,0.733138959242834,20,0.7313362362940035,0.7386721466467678,0.0127954261067769,0.0109927031579464,0.0183286135107108
Cardiovascular,Left bundle branch block,0.7369911458231383,17,0.7488418449572951,26,0.7314842001552907,0.7436170976308389,0.0118506991341568,-0.0055069456678475,0.0066259518077006
Cardiovascular,Multiple valve dz,0.7096543705792724,12,0.7301858614982787,12,0.7167123861798728,0.7110568845002645,0.0205314909190063,0.0070580156006003,0.0014025139209921
Cardiovascular,Myocardial infarction,0.7385710940366677,4,0.7363510476074574,6,0.7421759036455596,0.7395833909549703,-0.0022200464292102,0.0036048096088919,0.0010122969183026
Cardiovascular,Nonrheumatic aortic valve disorders,0.8350849421705718,1,0.838993834484747,9,0.8285687355149203,0.8321394116146775,0.0039088923141751,-0.0065162066556515,-0.0029455305558943
Cardiovascular,Nonrheumatic mitral valve disorders,0.7180210351428049,3,0.7194631710724669,1,0.7187994690383728,0.7203548845274644,0.001442135929662,0.0007784338955678,0.0023338493846595
Cardiovascular,Peripheral arterial disease,0.8355043736432628,1,0.8386329880223683,22,0.8400055717194546,0.8439934203627565,0.0031286143791054,0.0045011980761917,0.0084890467194936
Cardiovascular,Primary pulmonary hypertension,0.80484998152068,59,0.8234825958404731,47,0.8017756946544368,0.8155700870207976,0.0186326143197931,-0.0030742868662432,0.0107201055001175
Cardiovascular,Pulmonary embolism,0.7411241479964991,1,0.7406462197511735,2,0.7523665627844637,0.7518091745863701,-0.0004779282453255,0.0112424147879646,0.010685026589871
Cardiovascular,Raynaud syndrome,0.7552654036059665,157,0.755409904002661,45,0.7724255073190814,0.7692628571272776,0.0001445003966944,0.0171601037131149,0.013997453521311
Cardiovascular,Right bundle branch block,0.798855687011813,45,0.8159842950169518,22,0.795775677124025,0.8033827782880053,0.0171286080051388,-0.003080009887788,0.0045270912761923
Cardiovascular,Stable angina,0.7447552447552448,59,0.7786507711019801,18,0.7625780994505679,0.7858557914406693,0.0338955263467353,0.017822854695323,0.0411005466854245
Cardiovascular,Supraventricular tachycardia,0.6413246573520827,35,0.62721529400893,6,0.63759221235268,0.6318808502581833,-0.0141093633431527,-0.0037324449994026,-0.0094438070938993
Cardiovascular,Transient ischaemic attack,0.6187734829793753,168,0.6478618538509207,32,0.6259309683914203,0.6549709623097462,0.0290883708715453,0.0071574854120449,0.0361974793303708
Cardiovascular,Unstable Angina,0.7111644399871055,13,0.724162568030449,21,0.7279159071072143,0.736525399605249,0.0129981280433434,0.0167514671201087,0.0253609596181434
Cardiovascular,Venous thromboembolic disease,0.6861139890506196,180,0.7049102365949352,3,0.683577627936206,0.7060382945236113,0.0187962475443156,-0.0025363611144135,0.0199243054729917
Benign_neoplasm_or_Carcinoma_in_situ,"Benign neoplasm of colon, rectum, anus and anal canal",0.663757458812476,23,0.6778981460642877,20,0.6631510684121602,0.6772000484738006,0.0141406872518116,-0.0006063904003158,0.0134425896613245
Ear,Hearing loss,0.6913228886073614,82,0.6792651624974929,9,0.6832316533928434,0.677644545884607,-0.0120577261098684,-0.0080912352145179,-0.0136783427227543
Endocrine,Diabetes NOS,0.8494757013265785,31,0.8425492018323725,16,0.841884678964726,0.8377511493449351,-0.0069264994942059,-0.0075910223618524,-0.0117245519816433
Endocrine,Diabetes Type II,0.8930152780035127,8,0.8967377017636143,20,0.8938778298813911,0.8986466849265056,0.0037224237601016,0.0008625518778784,0.0056314069229929
Endocrine,Hypo or hyperthyroidism,0.6894138689430354,10,0.6949977539450204,8,0.7114094098026906,0.7159080449980287,0.005583885001985,0.0219955408596552,0.0264941760549933
Endocrine,Hypothyroidism,0.7136658221568662,19,0.7134163669542725,24,0.7228747586060273,0.728331591162766,-0.0002494552025937,0.009208936449161,0.0146657690058997
Endocrine,Obesity,0.8632772293016715,4,0.8643868423723162,4,0.8618214239116253,0.8630151205439337,0.0011096130706447,-0.0014558053900461,-0.0002621087577378
Eye,Cataract,0.7517585387958132,1,0.7512790818949787,6,0.7520637178364329,0.751546282242609,-0.0004794569008345,0.0003051790406196,-0.0002122565532042
Eye,Diabetic ophthalmic complications,0.9671431973500948,15,0.9692624478907323,16,0.9703665750168988,0.971538056303267,0.0021192505406375,0.003223377666804,0.0043948589531721
Eye,Glaucoma,0.7282404422888028,72,0.7185464851769268,17,0.7266625618733291,0.7180127548682795,-0.009693957111876,-0.0015778804154736,-0.0102276874205232
Eye,Macular degeneration,0.7865744002726784,1,0.7881819823623826,1,0.785693028130143,0.7874824806619576,0.0016075820897041,-0.0008813721425354,0.0009080803892791
Eye,Retinal detachments and breaks,0.6019324389107581,186,0.6105795741252147,106,0.58536063865463,0.6086057225939605,0.0086471352144565,-0.0165718002561281,0.0066732836832024
Neurological,Migraine,0.612232631675225,43,0.6121150353442306,28,0.6127634484470751,0.613384095749546,-0.0001175963309943,0.00053081677185,0.0011514640743209
Neurological,Motor neuron disease,0.6693147990573814,1,0.6697389243652037,16,0.6575903850792717,0.6577785906846177,0.0004241253078222,-0.0117244139781097,-0.0115362083727637
Neurological,"Postviral fatigue syndrome, neurasthenia and fibromyalgia",0.7505507102832879,104,0.830735228033492,11,0.7613209710109041,0.841604534074339,0.080184517750204,0.0107702607276162,0.091053823791051
Musculoskeletal,Carpal tunnel syndrome,0.6848715028145956,177,0.6875817184964895,30,0.6607542456993638,0.6750231650191729,0.0027102156818938,-0.0241172571152318,-0.0098483377954227
Musculoskeletal,Enthesopathies & synovial disorders,0.5110468030899337,188,0.5076172168870855,41,0.5195556584124046,0.5097358280767261,-0.0034295862028481,0.0085088553224709,-0.0013109750132075
Musculoskeletal,Fracture of hip,0.6901094106170679,115,0.6878901028906169,9,0.6818766566442562,0.6844395182221464,-0.0022193077264509,-0.0082327539728116,-0.0056698923949214
Musculoskeletal,Fracture of wrist,0.660293965685255,82,0.6248974834894462,3,0.6699602752609184,0.6346919795791035,-0.0353964821958088,0.0096663095756633,-0.0256019861061514
Musculoskeletal,Gout,0.8963409969014192,8,0.8946673807428943,21,0.8997723882024407,0.8933629164913355,-0.0016736161585249,0.0034313913010214,-0.0029780804100837
Musculoskeletal,Intervertebral disc disorders,0.5958202976712526,106,0.6367831840322775,21,0.5994208311698134,0.6385096365722863,0.0409628863610249,0.0036005334985608,0.0426893389010337
Musculoskeletal,Osteoarthritis,0.696769662623652,26,0.721984631033405,15,0.7046774102003043,0.7250778304458526,0.025214968409753,0.0079077475766522,0.0283081678222005
Musculoskeletal,Osteoporosis,0.7729722954811638,52,0.7821576326454951,23,0.8073670174669914,0.8107052729586033,0.0091853371643313,0.0343947219858276,0.0377329774774395
Musculoskeletal,Polymyalgia Rheumatica,0.7451729134342904,78,0.7117057971200328,11,0.749235128931745,0.7160731916857938,-0.0334671163142575,0.0040622154974546,-0.0290997217484966
Musculoskeletal,Rheumatoid Arthritis,0.728658202360311,30,0.7313753565635662,9,0.7326931036411433,0.7466245315733542,0.0027171542032552,0.0040349012808322,0.0179663292130431
Musculoskeletal,Spinal stenosis,0.6781661295148955,9,0.6973309198294849,4,0.6774283429726322,0.6968717654388211,0.0191647903145893,-0.0007377865422633,0.0187056359239256
Musculoskeletal,Spondylosis,0.7095077093555824,103,0.7382776647896859,8,0.7110014724316228,0.739921870745989,0.0287699554341035,0.0014937630760404,0.0304141613904066
Genitourinary,Acute Kidney Injury,0.8056211788065494,4,0.8059088921957743,9,0.813940747408749,0.813798182840136,0.0002877133892249,0.0083195686021996,0.0081770040335866
Genitourinary,Chronic Kidney Disease,0.8662757129178673,43,0.8673196774248756,22,0.8789906421507651,0.8805696497269389,0.0010439645070082,0.0127149292328977,0.0142939368090715
Genitourinary,Obstructive and reflux uropathy,0.6596302366024668,2,0.6587932823142036,25,0.6554371123239431,0.646937265180864,-0.0008369542882631,-0.0041931242785236,-0.0126929714216027
Genitourinary,Urinary Incontinence,0.7247307544144423,157,0.7364504690190604,13,0.7308927001603456,0.7423572446899931,0.011719714604618,0.0061619457459032,0.0176264902755507
Genitourinary,Urolithiasis,0.6800411071031112,85,0.6588226636473259,21,0.6855461538262915,0.6657349573049026,-0.0212184434557852,0.0055050467231803,-0.0143061497982085
Haematological_or_immunological,Agranulocytosis,0.6753660370123711,74,0.6633746039434119,39,0.6980358620411293,0.6958474601925289,-0.0119914330689592,0.0226698250287582,0.0204814231801577
Haematological_or_immunological,Iron deficiency anaemia,0.7228774002638828,14,0.7267104465676063,3,0.7501362359475592,0.7511717747261573,0.0038330463037234,0.0272588356836763,0.0282943744622744
Haematological_or_immunological,Other anaemias,0.7349627678648996,1,0.7386823456111165,37,0.7416368821067223,0.7437138600292162,0.0037195777462168,0.0066741142418227,0.0087510921643166
Haematological_or_immunological,Secondary or other Thrombocytopaenia,0.7330048286145452,3,0.7313248215976484,4,0.7772495114035818,0.7751804264563996,-0.0016800070168967,0.0442446827890365,0.0421755978418544
Respiratory,Allergic and chronic rhinitis,0.5376025810843811,15,0.5421738680006216,1,0.542086919200515,0.5477570909521449,0.0045712869162405,0.0044843381161339,0.0101545098677637
Respiratory,Asthma,0.668357852747773,44,0.69120039746452,11,0.6746329246013093,0.6937921885178036,0.0228425447167469,0.0062750718535362,0.0254343357700305
Respiratory,Bronchiectasis,0.7463175375107741,63,0.7421898490009206,39,0.7663191719335685,0.7543246672947373,-0.0041276885098535,0.0200016344227943,0.0080071297839632
Respiratory,COPD,0.8638945651168463,73,0.8893261686722672,18,0.8894325453888006,0.8985817839333317,0.0254316035554209,0.0255379802719543,0.0346872188164854
Respiratory,Pleural effusion,0.7395442881517607,57,0.7520998139876863,10,0.7399595487338827,0.7590926800551564,0.0125555258359256,0.000415260582122,0.0195483919033957
Respiratory,Pulmonary collapse,0.6861476797216607,9,0.6988998072311815,9,0.6773743476421082,0.6938889933706334,0.0127521275095208,-0.0087733320795524,0.0077413136489726
Respiratory,Respiratory failure,0.7697620900062941,4,0.7753175484299601,46,0.7782187565564025,0.783437652982726,0.005555458423666,0.0084566665501083,0.0136755629764319
Respiratory,Sleep apnoea,0.8158626866095507,36,0.8428701687409795,3,0.8151019981763763,0.8425831356388617,0.0270074821314287,-0.0007606884331744,0.0267204490293109
Skin,Actinic keratosis,0.6502868781860894,49,0.6395405405917016,2,0.6329416797754192,0.6287544508237218,-0.0107463375943878,-0.0173451984106702,-0.0215324273623676
Skin,Dermatitis,0.6209241827872013,208,0.6122016105377895,53,0.6507602471011217,0.6360356229338326,-0.0087225722494117,0.0298360643139203,0.0151114401466313
Skin,Psoriasis,0.562464253271877,137,0.593599653467012,20,0.7009407697742489,0.6704172694546311,0.031135400195135,0.1384765165023719,0.1079530161827541
Cancers,Primary Malignancy Prostate,0.701181542391825,1,0.7013252434935334,19,0.8331647950041691,0.8332730143523693,0.0001437011017084,0.1319832526123441,0.1320914719605443
Benign_neoplasm_or_Carcinoma_in_situ,Benign neoplasm and polyp of uterus,0.6050638483973458,3,0.6078239991195322,41,0.6155280924259495,0.621546553287128,0.0027601507221863,0.0104642440286036,0.0164827048897822
Benign_neoplasm_or_Carcinoma_in_situ,Leiomyoma of uterus,0.6809572444502086,35,0.6710951516330544,17,0.7016271102176685,0.6705250416099259,-0.0098620928171541,0.0206698657674599,-0.0104322028402826
Genitourinary,Female genital prolapse,0.6054244611291896,10,0.6172911326437241,3,0.6053138691439272,0.6168730040419098,0.0118666715145345,-0.0001105919852624,0.0114485429127202
Genitourinary,Hyperplasia of prostate,0.6899712633225419,20,0.6976966417510596,18,0.7276052015057508,0.7340082798596494,0.0077253784285177,0.0376339381832089,0.0440370165371075
Genitourinary,Menorrhagia and polymenorrhoea,0.8240487761443039,23,0.8141791989052549,10,0.8653875894518307,0.8612963544424813,-0.009869577239049,0.0413388133075267,0.0372475782981773
Genitourinary,Postmenopausal bleeding,0.5961279401070538,110,0.582910124816709,10,0.5993765125233956,0.5824779752750855,-0.0132178152903448,0.0032485724163417,-0.0136499648319683
